S	ptg000001l	*	LN:i:57219814	rd:i:14	57219814
S	ptg000002l	*	LN:i:13282768	rd:i:15	13282768
S	ptg000003l	*	LN:i:42510274	rd:i:16	42510274
S	ptg000004l	*	LN:i:72827401	rd:i:18	72827401
S	ptg000005l	*	LN:i:135338112	rd:i:13	135338112
S	ptg000006l	*	LN:i:16873318	rd:i:13	16873318
S	ptg000007l	*	LN:i:40169586	rd:i:13	40169586
S	ptg000008l	*	LN:i:16919051	rd:i:26	16919051
S	ptg000009l	*	LN:i:91186076	rd:i:15	91186076
S	ptg000010l	*	LN:i:32650224	rd:i:16	32650224
S	ptg000011l	*	LN:i:231849	rd:i:0	231849
S	ptg000012l	*	LN:i:132519296	rd:i:13	132519296
S	ptg000013l	*	LN:i:40649867	rd:i:13	40649867
S	ptg000014l	*	LN:i:20437194	rd:i:15	20437194
S	ptg000015l	*	LN:i:28578764	rd:i:16	28578764
S	ptg000016l	*	LN:i:88931262	rd:i:24	88931262
S	ptg000017l	*	LN:i:38646894	rd:i:18	38646894
S	ptg000018l	*	LN:i:4592729	rd:i:13	4592729
S	ptg000019l	*	LN:i:17174405	rd:i:14	17174405
S	ptg000020l	*	LN:i:15728056	rd:i:13	15728056
S	ptg000021l	*	LN:i:42852383	rd:i:16	42852383
S	ptg000022l	*	LN:i:17932690	rd:i:17	17932690
S	ptg000023l	*	LN:i:353985	rd:i:1	353985
S	ptg000024l	*	LN:i:19618170	rd:i:15	19618170
S	ptg000025l	*	LN:i:89751722	rd:i:14	89751722
S	ptg000026l	*	LN:i:39873843	rd:i:25	39873843
S	ptg000027l	*	LN:i:12233741	rd:i:13	12233741
S	ptg000028l	*	LN:i:18535616	rd:i:17	18535616
S	ptg000029l	*	LN:i:42422338	rd:i:14	42422338
S	ptg000030l	*	LN:i:32729279	rd:i:13	32729279
S	ptg000031l	*	LN:i:36174022	rd:i:14	36174022
S	ptg000032l	*	LN:i:4145930	rd:i:12	4145930
S	ptg000033l	*	LN:i:14395486	rd:i:13	14395486
S	ptg000034l	*	LN:i:19930289	rd:i:12	19930289
S	ptg000035l	*	LN:i:151499	rd:i:4	151499
S	ptg000036l	*	LN:i:11932986	rd:i:25	11932986
S	ptg000037l	*	LN:i:17918617	rd:i:13	17918617
S	ptg000038l	*	LN:i:46946756	rd:i:17	46946756
S	ptg000039l	*	LN:i:3706123	rd:i:23	3706123
S	ptg000040l	*	LN:i:82443989	rd:i:12	82443989
S	ptg000041l	*	LN:i:106258064	rd:i:17	106258064
S	ptg000042l	*	LN:i:18544193	rd:i:22	18544193
S	ptg000043l	*	LN:i:9547099	rd:i:23	9547099
S	ptg000044l	*	LN:i:32268917	rd:i:13	32268917
S	ptg000045l	*	LN:i:8606396	rd:i:12	8606396
S	ptg000046l	*	LN:i:10355096	rd:i:13	10355096
S	ptg000047l	*	LN:i:31284150	rd:i:17	31284150
S	ptg000048l	*	LN:i:27996924	rd:i:17	27996924
S	ptg000049l	*	LN:i:45414032	rd:i:23	45414032
S	ptg000050l	*	LN:i:5537290	rd:i:13	5537290
S	ptg000051l	*	LN:i:75882670	rd:i:17	75882670
S	ptg000052l	*	LN:i:31196882	rd:i:12	31196882
S	ptg000053l	*	LN:i:24613867	rd:i:15	24613867
S	ptg000054l	*	LN:i:2582140	rd:i:25	2582140
S	ptg000055l	*	LN:i:77837	rd:i:1	77837
S	ptg000056l	*	LN:i:24767610	rd:i:12	24767610
S	ptg000057l	*	LN:i:25328810	rd:i:19	25328810
S	ptg000058l	*	LN:i:8630847	rd:i:14	8630847
S	ptg000059l	*	LN:i:2239886	rd:i:17	2239886
S	ptg000060l	*	LN:i:2604738	rd:i:14	2604738
S	ptg000061l	*	LN:i:79938189	rd:i:18	79938189
S	ptg000062l	*	LN:i:55706208	rd:i:19	55706208
S	ptg000063l	*	LN:i:9945654	rd:i:18	9945654
S	ptg000064l	*	LN:i:4347103	rd:i:17	4347103
S	ptg000065l	*	LN:i:9544641	rd:i:24	9544641
S	ptg000066l	*	LN:i:22282235	rd:i:16	22282235
S	ptg000067l	*	LN:i:708058	rd:i:8	708058
S	ptg000068l	*	LN:i:7230731	rd:i:25	7230731
S	ptg000069l	*	LN:i:16971208	rd:i:12	16971208
S	ptg000070l	*	LN:i:23406	rd:i:0	23406
S	ptg000071l	*	LN:i:14936521	rd:i:13	14936521
S	ptg000072l	*	LN:i:29614868	rd:i:13	29614868
S	ptg000073l	*	LN:i:96845	rd:i:358	96845
S	ptg000074l	*	LN:i:30111589	rd:i:12	30111589
S	ptg000075l	*	LN:i:21905426	rd:i:15	21905426
S	ptg000076l	*	LN:i:96345	rd:i:1	96345
S	ptg000077l	*	LN:i:94693	rd:i:0	94693
S	ptg000078l	*	LN:i:66630940	rd:i:17	66630940
S	ptg000079l	*	LN:i:8957762	rd:i:22	8957762
S	ptg000080l	*	LN:i:29311535	rd:i:12	29311535
S	ptg000081l	*	LN:i:54583555	rd:i:13	54583555
S	ptg000082l	*	LN:i:112274525	rd:i:17	112274525
S	ptg000083l	*	LN:i:73547682	rd:i:15	73547682
S	ptg000084l	*	LN:i:11800767	rd:i:22	11800767
S	ptg000085l	*	LN:i:3190163	rd:i:16	3190163
S	ptg000086l	*	LN:i:55717	rd:i:0	55717
S	ptg000087l	*	LN:i:8088333	rd:i:18	8088333
S	ptg000088l	*	LN:i:6196911	rd:i:25	6196911
S	ptg000089l	*	LN:i:10251858	rd:i:12	10251858
S	ptg000090l	*	LN:i:6204935	rd:i:25	6204935
S	ptg000091l	*	LN:i:7375858	rd:i:16	7375858
S	ptg000092l	*	LN:i:70731	rd:i:1	70731
S	ptg000093l	*	LN:i:80744	rd:i:3	80744
S	ptg000094l	*	LN:i:255010	rd:i:5	255010
S	ptg000095l	*	LN:i:195501	rd:i:5	195501
S	ptg000096l	*	LN:i:16978523	rd:i:19	16978523
S	ptg000097l	*	LN:i:99238	rd:i:0	99238
S	ptg000098l	*	LN:i:2927374	rd:i:25	2927374
S	ptg000099l	*	LN:i:1646935	rd:i:14	1646935
S	ptg000100l	*	LN:i:26049917	rd:i:12	26049917
S	ptg000101l	*	LN:i:13867497	rd:i:18	13867497
S	ptg000102l	*	LN:i:106092	rd:i:2	106092
S	ptg000103l	*	LN:i:5854401	rd:i:18	5854401
S	ptg000104l	*	LN:i:4065475	rd:i:18	4065475
S	ptg000105l	*	LN:i:2739326	rd:i:12	2739326
S	ptg000106l	*	LN:i:10597357	rd:i:13	10597357
S	ptg000107l	*	LN:i:33028909	rd:i:13	33028909
S	ptg000108l	*	LN:i:87902	rd:i:0	87902
S	ptg000109l	*	LN:i:10877705	rd:i:13	10877705
S	ptg000110l	*	LN:i:111532	rd:i:4	111532
S	ptg000111l	*	LN:i:75504	rd:i:2	75504
S	ptg000112l	*	LN:i:45829	rd:i:0	45829
S	ptg000113l	*	LN:i:17401153	rd:i:14	17401153
S	ptg000114l	*	LN:i:6579531	rd:i:24	6579531
S	ptg000115l	*	LN:i:2739579	rd:i:11	2739579
S	ptg000116l	*	LN:i:114305	rd:i:1	114305
S	ptg000117l	*	LN:i:2424385	rd:i:13	2424385
S	ptg000118l	*	LN:i:220181	rd:i:1	220181
S	ptg000119l	*	LN:i:6552106	rd:i:14	6552106
S	ptg000120l	*	LN:i:9197096	rd:i:16	9197096
S	ptg000121l	*	LN:i:13171715	rd:i:11	13171715
S	ptg000122l	*	LN:i:5776114	rd:i:17	5776114
S	ptg000123l	*	LN:i:84617	rd:i:1	84617
S	ptg000124l	*	LN:i:135613	rd:i:1	135613
S	ptg000125l	*	LN:i:10465399	rd:i:26	10465399
S	ptg000126l	*	LN:i:74434	rd:i:0	74434
S	ptg000127l	*	LN:i:55430	rd:i:0	55430
S	ptg000128l	*	LN:i:4950084	rd:i:25	4950084
S	ptg000129l	*	LN:i:9331564	rd:i:12	9331564
S	ptg000130l	*	LN:i:14890642	rd:i:21	14890642
S	ptg000131l	*	LN:i:10924241	rd:i:18	10924241
S	ptg000132l	*	LN:i:15931580	rd:i:14	15931580
S	ptg000133l	*	LN:i:135743	rd:i:2	135743
S	ptg000134l	*	LN:i:884329	rd:i:11	884329
S	ptg000135l	*	LN:i:9299947	rd:i:13	9299947
S	ptg000136l	*	LN:i:2998368	rd:i:18	2998368
S	ptg000137l	*	LN:i:1649009	rd:i:18	1649009
S	ptg000138l	*	LN:i:6814229	rd:i:23	6814229
S	ptg000139l	*	LN:i:1122543	rd:i:11	1122543
S	ptg000140l	*	LN:i:28371	rd:i:1	28371
S	ptg000141l	*	LN:i:965444	rd:i:11	965444
S	ptg000142l	*	LN:i:53283351	rd:i:12	53283351
S	ptg000143l	*	LN:i:46515	rd:i:0	46515
S	ptg000144l	*	LN:i:44084	rd:i:0	44084
S	ptg000145l	*	LN:i:54435	rd:i:2	54435
S	ptg000146l	*	LN:i:1468177	rd:i:13	1468177
S	ptg000147l	*	LN:i:3178191	rd:i:24	3178191
S	ptg000148l	*	LN:i:14130971	rd:i:20	14130971
S	ptg000149l	*	LN:i:5063151	rd:i:15	5063151
S	ptg000150l	*	LN:i:1098865	rd:i:26	1098865
S	ptg000151l	*	LN:i:8334859	rd:i:18	8334859
S	ptg000152l	*	LN:i:2403693	rd:i:12	2403693
S	ptg000153l	*	LN:i:9360033	rd:i:14	9360033
S	ptg000154l	*	LN:i:452790	rd:i:3	452790
S	ptg000155l	*	LN:i:53781	rd:i:2	53781
S	ptg000156l	*	LN:i:1499708	rd:i:12	1499708
S	ptg000157l	*	LN:i:3936691	rd:i:22	3936691
S	ptg000158l	*	LN:i:47543	rd:i:0	47543
S	ptg000159l	*	LN:i:16264053	rd:i:13	16264053
S	ptg000160l	*	LN:i:11867585	rd:i:25	11867585
S	ptg000161l	*	LN:i:6217894	rd:i:24	6217894
S	ptg000162l	*	LN:i:312926	rd:i:4	312926
S	ptg000163l	*	LN:i:80968	rd:i:1	80968
S	ptg000164l	*	LN:i:2401502	rd:i:12	2401502
S	ptg000165l	*	LN:i:118874	rd:i:1	118874
S	ptg000166l	*	LN:i:7144884	rd:i:16	7144884
S	ptg000167l	*	LN:i:2305271	rd:i:14	2305271
S	ptg000168l	*	LN:i:55621	rd:i:0	55621
S	ptg000169l	*	LN:i:35621	rd:i:1	35621
S	ptg000170l	*	LN:i:1057713	rd:i:8	1057713
S	ptg000171l	*	LN:i:41293	rd:i:2	41293
S	ptg000172l	*	LN:i:450863	rd:i:2	450863
S	ptg000173l	*	LN:i:39214	rd:i:4	39214
S	ptg000174l	*	LN:i:122701	rd:i:1	122701
S	ptg000175l	*	LN:i:58380	rd:i:0	58380
S	ptg000176l	*	LN:i:5950459	rd:i:12	5950459
S	ptg000177l	*	LN:i:240209	rd:i:1	240209
S	ptg000178l	*	LN:i:9272443	rd:i:12	9272443
S	ptg000179l	*	LN:i:1265629	rd:i:11	1265629
S	ptg000180l	*	LN:i:1250241	rd:i:4	1250241
S	ptg000181l	*	LN:i:2214215	rd:i:17	2214215
S	ptg000182l	*	LN:i:51228	rd:i:0	51228
S	ptg000183l	*	LN:i:2047642	rd:i:12	2047642
S	ptg000184l	*	LN:i:67866	rd:i:0	67866
S	ptg000185l	*	LN:i:4565481	rd:i:12	4565481
S	ptg000186l	*	LN:i:6451698	rd:i:11	6451698
S	ptg000187l	*	LN:i:1816376	rd:i:27	1816376
S	ptg000188l	*	LN:i:213963	rd:i:1	213963
S	ptg000189l	*	LN:i:205928	rd:i:2	205928
S	ptg000190l	*	LN:i:73693	rd:i:1	73693
S	ptg000191l	*	LN:i:60383	rd:i:1	60383
S	ptg000192l	*	LN:i:465379	rd:i:1	465379
S	ptg000193l	*	LN:i:226418	rd:i:4	226418
S	ptg000194l	*	LN:i:43036	rd:i:1	43036
S	ptg000195l	*	LN:i:2521643	rd:i:16	2521643
S	ptg000196l	*	LN:i:148465	rd:i:1	148465
S	ptg000197l	*	LN:i:2300510	rd:i:25	2300510
S	ptg000198l	*	LN:i:2451017	rd:i:12	2451017
S	ptg000199l	*	LN:i:138803	rd:i:0	138803
S	ptg000200l	*	LN:i:104151	rd:i:2	104151
S	ptg000201l	*	LN:i:12590670	rd:i:13	12590670
S	ptg000202l	*	LN:i:122235	rd:i:0	122235
S	ptg000203l	*	LN:i:2078653	rd:i:12	2078653
S	ptg000204l	*	LN:i:76110	rd:i:0	76110
S	ptg000205l	*	LN:i:58530	rd:i:0	58530
S	ptg000206l	*	LN:i:94467	rd:i:0	94467
S	ptg000207l	*	LN:i:1861265	rd:i:13	1861265
S	ptg000208l	*	LN:i:1563402	rd:i:11	1563402
S	ptg000209l	*	LN:i:60290	rd:i:0	60290
S	ptg000210l	*	LN:i:52023	rd:i:20	52023
S	ptg000211l	*	LN:i:204302	rd:i:1	204302
S	ptg000212l	*	LN:i:531926	rd:i:12	531926
S	ptg000213l	*	LN:i:70147	rd:i:0	70147
S	ptg000214l	*	LN:i:343452	rd:i:1	343452
S	ptg000215l	*	LN:i:206926	rd:i:1	206926
S	ptg000216l	*	LN:i:144961	rd:i:1	144961
S	ptg000217l	*	LN:i:53989	rd:i:4	53989
S	ptg000218l	*	LN:i:73828	rd:i:1	73828
S	ptg000219l	*	LN:i:125154	rd:i:2	125154
S	ptg000220l	*	LN:i:9703919	rd:i:15	9703919
S	ptg000221l	*	LN:i:59196	rd:i:0	59196
S	ptg000222l	*	LN:i:445588	rd:i:5	445588
S	ptg000223l	*	LN:i:411149	rd:i:7	411149
S	ptg000224l	*	LN:i:54226	rd:i:0	54226
S	ptg000225l	*	LN:i:149351	rd:i:0	149351
S	ptg000226l	*	LN:i:93359	rd:i:4	93359
S	ptg000227l	*	LN:i:69128	rd:i:1	69128
S	ptg000228l	*	LN:i:2080966	rd:i:22	2080966
S	ptg000229l	*	LN:i:99982	rd:i:1	99982
S	ptg000230l	*	LN:i:3004931	rd:i:12	3004931
S	ptg000231l	*	LN:i:603144	rd:i:13	603144
S	ptg000232l	*	LN:i:99117	rd:i:0	99117
S	ptg000233l	*	LN:i:100459	rd:i:3	100459
S	ptg000234l	*	LN:i:294995	rd:i:3	294995
S	ptg000235l	*	LN:i:1474826	rd:i:11	1474826
S	ptg000236l	*	LN:i:30347	rd:i:0	30347
S	ptg000237l	*	LN:i:126462	rd:i:1	126462
S	ptg000238l	*	LN:i:56973	rd:i:0	56973
S	ptg000239l	*	LN:i:219405	rd:i:7	219405
S	ptg000240l	*	LN:i:133998	rd:i:1	133998
S	ptg000241l	*	LN:i:6498090	rd:i:14	6498090
S	ptg000242l	*	LN:i:157463	rd:i:1	157463
S	ptg000243l	*	LN:i:59157	rd:i:298	59157
S	ptg000244l	*	LN:i:1292117	rd:i:12	1292117
S	ptg000245l	*	LN:i:53076	rd:i:1	53076
S	ptg000246l	*	LN:i:118719	rd:i:1	118719
S	ptg000247l	*	LN:i:141758	rd:i:0	141758
S	ptg000248l	*	LN:i:177706	rd:i:1	177706
S	ptg000249l	*	LN:i:79484	rd:i:0	79484
S	ptg000250l	*	LN:i:243849	rd:i:3	243849
S	ptg000251l	*	LN:i:4257474	rd:i:11	4257474
S	ptg000252l	*	LN:i:104511	rd:i:2	104511
S	ptg000253l	*	LN:i:88940	rd:i:2	88940
S	ptg000254l	*	LN:i:39957	rd:i:0	39957
S	ptg000255l	*	LN:i:45531	rd:i:0	45531
S	ptg000256l	*	LN:i:705248	rd:i:25	705248
S	ptg000257l	*	LN:i:811658	rd:i:25	811658
S	ptg000258l	*	LN:i:41216	rd:i:0	41216
S	ptg000259l	*	LN:i:102684	rd:i:1	102684
S	ptg000260l	*	LN:i:74460	rd:i:353	74460
S	ptg000261l	*	LN:i:4383662	rd:i:13	4383662
S	ptg000262l	*	LN:i:50907	rd:i:0	50907
S	ptg000263l	*	LN:i:49638	rd:i:0	49638
S	ptg000264l	*	LN:i:156522	rd:i:0	156522
S	ptg000265l	*	LN:i:93280	rd:i:1	93280
S	ptg000266l	*	LN:i:86534	rd:i:1	86534
S	ptg000267l	*	LN:i:2595199	rd:i:16	2595199
S	ptg000268l	*	LN:i:544982	rd:i:4	544982
S	ptg000269l	*	LN:i:84130	rd:i:5	84130
S	ptg000270l	*	LN:i:60698	rd:i:0	60698
S	ptg000271l	*	LN:i:82601	rd:i:1	82601
S	ptg000272l	*	LN:i:327373	rd:i:15	327373
S	ptg000273l	*	LN:i:49270	rd:i:0	49270
S	ptg000274l	*	LN:i:22067	rd:i:1	22067
S	ptg000275l	*	LN:i:397858	rd:i:2	397858
S	ptg000276l	*	LN:i:127273	rd:i:2	127273
S	ptg000277l	*	LN:i:32567	rd:i:0	32567
S	ptg000278c	*	LN:i:571375	rd:i:11	571375
S	ptg000279l	*	LN:i:319714	rd:i:5	319714
S	ptg000280l	*	LN:i:65063	rd:i:0	65063
S	ptg000281l	*	LN:i:4667288	rd:i:14	4667288
S	ptg000282l	*	LN:i:495316	rd:i:2	495316
S	ptg000283l	*	LN:i:88709	rd:i:0	88709
S	ptg000284l	*	LN:i:29135	rd:i:0	29135
S	ptg000285l	*	LN:i:59820	rd:i:1	59820
S	ptg000286l	*	LN:i:129309	rd:i:3	129309
S	ptg000287l	*	LN:i:28784	rd:i:2	28784
S	ptg000288l	*	LN:i:513044	rd:i:4	513044
S	ptg000289l	*	LN:i:495763	rd:i:5	495763
S	ptg000290l	*	LN:i:2175719	rd:i:13	2175719
S	ptg000291l	*	LN:i:1432861	rd:i:11	1432861
S	ptg000292l	*	LN:i:72447	rd:i:4	72447
S	ptg000293l	*	LN:i:67204	rd:i:0	67204
S	ptg000294l	*	LN:i:66254	rd:i:0	66254
S	ptg000295l	*	LN:i:336923	rd:i:2	336923
S	ptg000296l	*	LN:i:116606	rd:i:0	116606
S	ptg000297l	*	LN:i:116676	rd:i:0	116676
S	ptg000298l	*	LN:i:86046	rd:i:3	86046
S	ptg000299l	*	LN:i:267944	rd:i:2	267944
S	ptg000300l	*	LN:i:822588	rd:i:26	822588
S	ptg000301l	*	LN:i:2486129	rd:i:12	2486129
S	ptg000302l	*	LN:i:145683	rd:i:1	145683
S	ptg000303l	*	LN:i:412288	rd:i:1	412288
S	ptg000304l	*	LN:i:61247	rd:i:0	61247
S	ptg000305l	*	LN:i:291717	rd:i:3	291717
S	ptg000306l	*	LN:i:107741	rd:i:365	107741
S	ptg000307l	*	LN:i:42394	rd:i:3	42394
S	ptg000308l	*	LN:i:229446	rd:i:1	229446
S	ptg000309l	*	LN:i:61823	rd:i:0	61823
S	ptg000310l	*	LN:i:184184	rd:i:3	184184
S	ptg000311l	*	LN:i:97513	rd:i:3	97513
S	ptg000312l	*	LN:i:66745	rd:i:1	66745
S	ptg000313l	*	LN:i:116737	rd:i:0	116737
S	ptg000314l	*	LN:i:34067	rd:i:1	34067
S	ptg000315l	*	LN:i:77286	rd:i:0	77286
S	ptg000316l	*	LN:i:266109	rd:i:1	266109
S	ptg000317l	*	LN:i:54137	rd:i:0	54137
S	ptg000318l	*	LN:i:79816	rd:i:0	79816
S	ptg000319l	*	LN:i:198891	rd:i:1	198891
S	ptg000320l	*	LN:i:368492	rd:i:3	368492
S	ptg000321l	*	LN:i:1119841	rd:i:22	1119841
S	ptg000322l	*	LN:i:31676	rd:i:1	31676
S	ptg000323l	*	LN:i:38420	rd:i:0	38420
S	ptg000324l	*	LN:i:117687	rd:i:3	117687
S	ptg000325l	*	LN:i:76102	rd:i:0	76102
S	ptg000326l	*	LN:i:39461	rd:i:0	39461
S	ptg000327l	*	LN:i:85556	rd:i:489	85556
S	ptg000328l	*	LN:i:419382	rd:i:1	419382
S	ptg000329l	*	LN:i:180341	rd:i:1	180341
S	ptg000330l	*	LN:i:80575	rd:i:3	80575
S	ptg000331l	*	LN:i:125956	rd:i:0	125956
S	ptg000332l	*	LN:i:58977	rd:i:2	58977
S	ptg000333l	*	LN:i:38647	rd:i:0	38647
S	ptg000334l	*	LN:i:61392	rd:i:1	61392
S	ptg000335l	*	LN:i:334580	rd:i:4	334580
S	ptg000336l	*	LN:i:68646	rd:i:3	68646
S	ptg000337l	*	LN:i:117201	rd:i:2	117201
S	ptg000338l	*	LN:i:53047	rd:i:0	53047
S	ptg000339l	*	LN:i:20582	rd:i:0	20582
S	ptg000340l	*	LN:i:82915	rd:i:0	82915
S	ptg000341l	*	LN:i:242654	rd:i:1	242654
S	ptg000342l	*	LN:i:125130	rd:i:0	125130
S	ptg000343l	*	LN:i:197941	rd:i:3	197941
S	ptg000344l	*	LN:i:176588	rd:i:1	176588
S	ptg000345l	*	LN:i:123428	rd:i:2	123428
S	ptg000346l	*	LN:i:49165	rd:i:0	49165
S	ptg000347l	*	LN:i:29240	rd:i:3	29240
S	ptg000348l	*	LN:i:38068	rd:i:0	38068
S	ptg000349l	*	LN:i:34238	rd:i:0	34238
S	ptg000350l	*	LN:i:377343	rd:i:9	377343
S	ptg000351c	*	LN:i:136382	rd:i:8	136382
S	ptg000352l	*	LN:i:55878	rd:i:0	55878
S	ptg000353l	*	LN:i:48957	rd:i:3	48957
S	ptg000354l	*	LN:i:487602	rd:i:1	487602
S	ptg000355l	*	LN:i:83314	rd:i:0	83314
S	ptg000356l	*	LN:i:157374	rd:i:0	157374
S	ptg000357l	*	LN:i:45737	rd:i:3	45737
S	ptg000358l	*	LN:i:305452	rd:i:1	305452
S	ptg000359l	*	LN:i:48316	rd:i:0	48316
S	ptg000360l	*	LN:i:107799	rd:i:1	107799
S	ptg000361l	*	LN:i:68610	rd:i:0	68610
S	ptg000362l	*	LN:i:1955842	rd:i:25	1955842
S	ptg000363l	*	LN:i:67126	rd:i:0	67126
S	ptg000364l	*	LN:i:110695	rd:i:0	110695
S	ptg000365l	*	LN:i:68210	rd:i:2	68210
S	ptg000366l	*	LN:i:363645	rd:i:2	363645
S	ptg000367l	*	LN:i:113132	rd:i:2	113132
S	ptg000368l	*	LN:i:67710	rd:i:2	67710
S	ptg000369l	*	LN:i:48657	rd:i:2	48657
S	ptg000370l	*	LN:i:65948	rd:i:0	65948
S	ptg000371l	*	LN:i:1033349	rd:i:22	1033349
S	ptg000372l	*	LN:i:71098	rd:i:0	71098
S	ptg000373l	*	LN:i:98604	rd:i:7	98604
S	ptg000374l	*	LN:i:209384	rd:i:2	209384
S	ptg000375l	*	LN:i:96470	rd:i:1	96470
S	ptg000376l	*	LN:i:30659	rd:i:0	30659
S	ptg000377l	*	LN:i:94214	rd:i:0	94214
S	ptg000378l	*	LN:i:144584	rd:i:0	144584
S	ptg000379l	*	LN:i:276271	rd:i:2	276271
S	ptg000380l	*	LN:i:98385	rd:i:1	98385
S	ptg000381l	*	LN:i:46047	rd:i:1	46047
S	ptg000382l	*	LN:i:77907	rd:i:0	77907
S	ptg000383l	*	LN:i:95504	rd:i:2	95504
S	ptg000384l	*	LN:i:43377	rd:i:2	43377
S	ptg000385l	*	LN:i:56463	rd:i:0	56463
S	ptg000386l	*	LN:i:256978	rd:i:7	256978
S	ptg000387l	*	LN:i:85861	rd:i:0	85861
S	ptg000388l	*	LN:i:116133	rd:i:2	116133
S	ptg000389l	*	LN:i:39343	rd:i:0	39343
S	ptg000390l	*	LN:i:155435	rd:i:1	155435
S	ptg000391l	*	LN:i:361652	rd:i:3	361652
S	ptg000392l	*	LN:i:120596	rd:i:1	120596
S	ptg000393l	*	LN:i:407908	rd:i:1	407908
S	ptg000394l	*	LN:i:134340	rd:i:4	134340
S	ptg000395l	*	LN:i:132285	rd:i:1	132285
S	ptg000396l	*	LN:i:36001	rd:i:268	36001
S	ptg000397l	*	LN:i:329837	rd:i:2	329837
S	ptg000398l	*	LN:i:67026	rd:i:0	67026
S	ptg000399l	*	LN:i:123997	rd:i:3	123997
S	ptg000400l	*	LN:i:78081	rd:i:2	78081
S	ptg000401l	*	LN:i:1965826	rd:i:12	1965826
S	ptg000402l	*	LN:i:370941	rd:i:3	370941
S	ptg000403l	*	LN:i:76422	rd:i:0	76422
S	ptg000404l	*	LN:i:492158	rd:i:4	492158
S	ptg000405l	*	LN:i:132534	rd:i:1	132534
S	ptg000406l	*	LN:i:114710	rd:i:2	114710
S	ptg000407l	*	LN:i:47561	rd:i:1	47561
S	ptg000408l	*	LN:i:557064	rd:i:5	557064
S	ptg000409l	*	LN:i:96876	rd:i:1	96876
S	ptg000410l	*	LN:i:417001	rd:i:5	417001
S	ptg000411l	*	LN:i:86142	rd:i:0	86142
S	ptg000412l	*	LN:i:77006	rd:i:3	77006
S	ptg000413l	*	LN:i:29638	rd:i:12	29638
S	ptg000414l	*	LN:i:1048614	rd:i:12	1048614
S	ptg000415l	*	LN:i:275339	rd:i:2	275339
S	ptg000416l	*	LN:i:118006	rd:i:1	118006
S	ptg000417l	*	LN:i:153459	rd:i:2	153459
S	ptg000418l	*	LN:i:240036	rd:i:2	240036
S	ptg000419l	*	LN:i:589897	rd:i:11	589897
S	ptg000420l	*	LN:i:144127	rd:i:1	144127
S	ptg000421l	*	LN:i:112630	rd:i:1	112630
S	ptg000422l	*	LN:i:93196	rd:i:0	93196
S	ptg000423l	*	LN:i:115345	rd:i:1	115345
S	ptg000424l	*	LN:i:102877	rd:i:2	102877
S	ptg000425l	*	LN:i:45820	rd:i:0	45820
S	ptg000426l	*	LN:i:39579	rd:i:1	39579
S	ptg000427l	*	LN:i:178201	rd:i:1	178201
S	ptg000428l	*	LN:i:89320	rd:i:1	89320
S	ptg000429l	*	LN:i:47434	rd:i:2	47434
S	ptg000430l	*	LN:i:112719	rd:i:2	112719
S	ptg000431l	*	LN:i:59603	rd:i:1	59603
S	ptg000432l	*	LN:i:72092	rd:i:0	72092
S	ptg000433l	*	LN:i:38244	rd:i:3	38244
S	ptg000434l	*	LN:i:64483	rd:i:3	64483
S	ptg000435l	*	LN:i:123213	rd:i:1	123213
S	ptg000436l	*	LN:i:304263	rd:i:5	304263
S	ptg000437l	*	LN:i:1071679	rd:i:13	1071679
S	ptg000438l	*	LN:i:102783	rd:i:2	102783
S	ptg000439l	*	LN:i:24012	rd:i:0	24012
S	ptg000440l	*	LN:i:116731	rd:i:4	116731
S	ptg000441l	*	LN:i:49367	rd:i:0	49367
S	ptg000442l	*	LN:i:86156	rd:i:503	86156
S	ptg000443l	*	LN:i:48747	rd:i:0	48747
S	ptg000444l	*	LN:i:43227	rd:i:0	43227
S	ptg000445l	*	LN:i:94247	rd:i:1	94247
S	ptg000446l	*	LN:i:258337	rd:i:3	258337
S	ptg000447l	*	LN:i:44393	rd:i:1	44393
S	ptg000448l	*	LN:i:721937	rd:i:12	721937
S	ptg000449l	*	LN:i:118489	rd:i:0	118489
S	ptg000450l	*	LN:i:75278	rd:i:1	75278
S	ptg000451l	*	LN:i:98316	rd:i:3	98316
S	ptg000452l	*	LN:i:77071	rd:i:5	77071
S	ptg000453l	*	LN:i:92439	rd:i:1	92439
S	ptg000454l	*	LN:i:61564	rd:i:1	61564
S	ptg000455l	*	LN:i:409170	rd:i:9	409170
S	ptg000456l	*	LN:i:92091	rd:i:0	92091
S	ptg000457l	*	LN:i:46704	rd:i:0	46704
S	ptg000458l	*	LN:i:35943	rd:i:0	35943
S	ptg000459l	*	LN:i:320799	rd:i:2	320799
S	ptg000460l	*	LN:i:127657	rd:i:0	127657
S	ptg000461l	*	LN:i:77519	rd:i:3	77519
S	ptg000462l	*	LN:i:300158	rd:i:1	300158
S	ptg000463l	*	LN:i:199661	rd:i:2	199661
S	ptg000464l	*	LN:i:101417	rd:i:0	101417
S	ptg000465l	*	LN:i:240761	rd:i:3	240761
S	ptg000466l	*	LN:i:87934	rd:i:1	87934
S	ptg000467l	*	LN:i:78437	rd:i:1	78437
S	ptg000468l	*	LN:i:117046	rd:i:0	117046
S	ptg000469l	*	LN:i:97119	rd:i:1	97119
S	ptg000470l	*	LN:i:72989	rd:i:1	72989
S	ptg000471l	*	LN:i:77614	rd:i:3	77614
S	ptg000472l	*	LN:i:84654	rd:i:5	84654
S	ptg000473l	*	LN:i:43863	rd:i:0	43863
S	ptg000474l	*	LN:i:55939	rd:i:1	55939
S	ptg000475l	*	LN:i:499159	rd:i:4	499159
S	ptg000476l	*	LN:i:28409	rd:i:0	28409
S	ptg000477l	*	LN:i:72930	rd:i:1	72930
S	ptg000478l	*	LN:i:68923	rd:i:0	68923
S	ptg000479l	*	LN:i:204462	rd:i:0	204462
S	ptg000480l	*	LN:i:212942	rd:i:2	212942
S	ptg000481l	*	LN:i:102299	rd:i:1	102299
S	ptg000482l	*	LN:i:174802	rd:i:5	174802
S	ptg000483l	*	LN:i:63713	rd:i:0	63713
S	ptg000484l	*	LN:i:122841	rd:i:0	122841
S	ptg000485l	*	LN:i:106718	rd:i:1	106718
S	ptg000486l	*	LN:i:464596	rd:i:8	464596
S	ptg000487l	*	LN:i:116770	rd:i:0	116770
S	ptg000488l	*	LN:i:43036	rd:i:0	43036
S	ptg000489l	*	LN:i:147696	rd:i:0	147696
S	ptg000490l	*	LN:i:163272	rd:i:0	163272
S	ptg000491l	*	LN:i:60322	rd:i:0	60322
S	ptg000492l	*	LN:i:1458541	rd:i:25	1458541
S	ptg000493l	*	LN:i:263244	rd:i:10	263244
S	ptg000494l	*	LN:i:195330	rd:i:1	195330
S	ptg000495l	*	LN:i:40829	rd:i:0	40829
S	ptg000496l	*	LN:i:34770	rd:i:0	34770
S	ptg000497l	*	LN:i:23915	rd:i:0	23915
S	ptg000498l	*	LN:i:79313	rd:i:1	79313
S	ptg000499l	*	LN:i:39966	rd:i:0	39966
S	ptg000500l	*	LN:i:118257	rd:i:1	118257
S	ptg000501l	*	LN:i:44806	rd:i:1	44806
S	ptg000502l	*	LN:i:34460	rd:i:0	34460
S	ptg000503l	*	LN:i:76050	rd:i:2	76050
S	ptg000504l	*	LN:i:123389	rd:i:2	123389
S	ptg000505l	*	LN:i:30070	rd:i:2	30070
S	ptg000506l	*	LN:i:169096	rd:i:1	169096
S	ptg000507l	*	LN:i:92057	rd:i:1	92057
S	ptg000508l	*	LN:i:101106	rd:i:0	101106
S	ptg000509l	*	LN:i:85371	rd:i:0	85371
S	ptg000510l	*	LN:i:58944	rd:i:3	58944
S	ptg000511l	*	LN:i:163384	rd:i:1	163384
S	ptg000512l	*	LN:i:69649	rd:i:0	69649
S	ptg000513l	*	LN:i:45969	rd:i:0	45969
S	ptg000514l	*	LN:i:403545	rd:i:2	403545
S	ptg000515l	*	LN:i:99030	rd:i:1	99030
S	ptg000516l	*	LN:i:74478	rd:i:3	74478
S	ptg000517l	*	LN:i:52964	rd:i:0	52964
S	ptg000518l	*	LN:i:95347	rd:i:0	95347
S	ptg000519l	*	LN:i:251780	rd:i:1	251780
S	ptg000520l	*	LN:i:163002	rd:i:2	163002
S	ptg000521l	*	LN:i:232245	rd:i:1	232245
S	ptg000522l	*	LN:i:41023	rd:i:0	41023
S	ptg000523l	*	LN:i:275770	rd:i:2	275770
S	ptg000524l	*	LN:i:36875	rd:i:0	36875
S	ptg000525l	*	LN:i:39372	rd:i:29	39372
S	ptg000526l	*	LN:i:80925	rd:i:5	80925
S	ptg000527l	*	LN:i:78455	rd:i:3	78455
S	ptg000528l	*	LN:i:21368	rd:i:0	21368
S	ptg000529l	*	LN:i:114384	rd:i:1	114384
S	ptg000530l	*	LN:i:45598	rd:i:1	45598
S	ptg000531l	*	LN:i:383896	rd:i:2	383896
S	ptg000532l	*	LN:i:22210	rd:i:3	22210
S	ptg000533l	*	LN:i:162093	rd:i:1	162093
S	ptg000534l	*	LN:i:69409	rd:i:0	69409
S	ptg000535l	*	LN:i:89959	rd:i:0	89959
S	ptg000536l	*	LN:i:133940	rd:i:1	133940
S	ptg000537l	*	LN:i:80573	rd:i:0	80573
S	ptg000538l	*	LN:i:254568	rd:i:2	254568
S	ptg000539l	*	LN:i:306779	rd:i:2	306779
S	ptg000540l	*	LN:i:60426	rd:i:0	60426
S	ptg000541l	*	LN:i:115435	rd:i:0	115435
S	ptg000542l	*	LN:i:52116	rd:i:0	52116
S	ptg000543l	*	LN:i:40349	rd:i:0	40349
S	ptg000544l	*	LN:i:31067	rd:i:0	31067
S	ptg000545l	*	LN:i:30391	rd:i:0	30391
S	ptg000546l	*	LN:i:36492	rd:i:1	36492
S	ptg000547l	*	LN:i:67345	rd:i:1	67345
S	ptg000548l	*	LN:i:55614	rd:i:2	55614
S	ptg000549l	*	LN:i:72235	rd:i:1	72235
S	ptg000550l	*	LN:i:332677	rd:i:1	332677
S	ptg000551l	*	LN:i:190398	rd:i:0	190398
S	ptg000552l	*	LN:i:88632	rd:i:1	88632
S	ptg000553c	*	LN:i:155946	rd:i:14	155946
S	ptg000554l	*	LN:i:49635	rd:i:0	49635
S	ptg000555l	*	LN:i:100546	rd:i:9	100546
S	ptg000556l	*	LN:i:53226	rd:i:0	53226
S	ptg000557l	*	LN:i:19645	rd:i:0	19645
S	ptg000558l	*	LN:i:205530	rd:i:0	205530
S	ptg000559l	*	LN:i:38759	rd:i:1	38759
S	ptg000560l	*	LN:i:92703	rd:i:1	92703
S	ptg000561l	*	LN:i:47451	rd:i:0	47451
S	ptg000562l	*	LN:i:25719	rd:i:0	25719
S	ptg000563l	*	LN:i:92048	rd:i:1	92048
S	ptg000564l	*	LN:i:291654	rd:i:3	291654
S	ptg000565l	*	LN:i:62362	rd:i:1	62362
S	ptg000566l	*	LN:i:96251	rd:i:1	96251
S	ptg000567l	*	LN:i:108866	rd:i:0	108866
S	ptg000568l	*	LN:i:53797	rd:i:453	53797
S	ptg000569l	*	LN:i:29227	rd:i:0	29227
S	ptg000570l	*	LN:i:28421	rd:i:111	28421
S	ptg000571l	*	LN:i:106461	rd:i:0	106461
S	ptg000572l	*	LN:i:73556	rd:i:3	73556
S	ptg000573l	*	LN:i:65762	rd:i:0	65762
S	ptg000574l	*	LN:i:70056	rd:i:1	70056
S	ptg000575l	*	LN:i:348169	rd:i:10	348169
S	ptg000576l	*	LN:i:103957	rd:i:2	103957
S	ptg000577l	*	LN:i:66301	rd:i:0	66301
S	ptg000578l	*	LN:i:73905	rd:i:0	73905
S	ptg000579l	*	LN:i:155177	rd:i:0	155177
S	ptg000580l	*	LN:i:57666	rd:i:3	57666
S	ptg000581l	*	LN:i:44603	rd:i:2	44603
S	ptg000582l	*	LN:i:48027	rd:i:0	48027
S	ptg000583l	*	LN:i:102017	rd:i:1	102017
S	ptg000584l	*	LN:i:62898	rd:i:0	62898
S	ptg000585l	*	LN:i:438470	rd:i:3	438470
S	ptg000586l	*	LN:i:30495	rd:i:0	30495
S	ptg000587l	*	LN:i:62128	rd:i:0	62128
S	ptg000588l	*	LN:i:31975	rd:i:0	31975
S	ptg000589l	*	LN:i:105988	rd:i:0	105988
S	ptg000590l	*	LN:i:76786	rd:i:0	76786
S	ptg000591l	*	LN:i:27226	rd:i:0	27226
S	ptg000592l	*	LN:i:59952	rd:i:0	59952
S	ptg000593l	*	LN:i:51351	rd:i:1	51351
S	ptg000594l	*	LN:i:164435	rd:i:6	164435
S	ptg000595l	*	LN:i:378092	rd:i:2	378092
S	ptg000596l	*	LN:i:146993	rd:i:2	146993
S	ptg000597l	*	LN:i:68391	rd:i:0	68391
S	ptg000598l	*	LN:i:80591	rd:i:1	80591
S	ptg000599l	*	LN:i:313754	rd:i:1	313754
S	ptg000600l	*	LN:i:184147	rd:i:1	184147
S	ptg000601l	*	LN:i:79734	rd:i:2	79734
S	ptg000602l	*	LN:i:57214	rd:i:0	57214
S	ptg000603l	*	LN:i:67965	rd:i:0	67965
S	ptg000604l	*	LN:i:28418	rd:i:0	28418
S	ptg000605l	*	LN:i:191816	rd:i:4	191816
S	ptg000606l	*	LN:i:81215	rd:i:1	81215
S	ptg000607l	*	LN:i:74406	rd:i:1	74406
S	ptg000608l	*	LN:i:128048	rd:i:1	128048
S	ptg000609l	*	LN:i:79926	rd:i:0	79926
S	ptg000610l	*	LN:i:101274	rd:i:1	101274
S	ptg000611l	*	LN:i:60224	rd:i:0	60224
S	ptg000612l	*	LN:i:66175	rd:i:12	66175
S	ptg000613l	*	LN:i:53184	rd:i:0	53184
S	ptg000614l	*	LN:i:31471	rd:i:0	31471
S	ptg000615l	*	LN:i:115175	rd:i:3	115175
S	ptg000616l	*	LN:i:47773	rd:i:0	47773
S	ptg000617l	*	LN:i:54033	rd:i:1	54033
S	ptg000618l	*	LN:i:120783	rd:i:0	120783
S	ptg000619l	*	LN:i:55523	rd:i:3	55523
S	ptg000620l	*	LN:i:67384	rd:i:0	67384
S	ptg000621l	*	LN:i:227727	rd:i:1	227727
S	ptg000622l	*	LN:i:66109	rd:i:0	66109
S	ptg000623l	*	LN:i:28172	rd:i:0	28172
S	ptg000624l	*	LN:i:38346	rd:i:2	38346
S	ptg000625l	*	LN:i:239274	rd:i:1	239274
S	ptg000626l	*	LN:i:116094	rd:i:1	116094
S	ptg000627l	*	LN:i:52868	rd:i:0	52868
S	ptg000628l	*	LN:i:67315	rd:i:0	67315
S	ptg000629l	*	LN:i:56558	rd:i:4	56558
S	ptg000630l	*	LN:i:46288	rd:i:0	46288
S	ptg000631l	*	LN:i:52264	rd:i:363	52264
S	ptg000632l	*	LN:i:30114	rd:i:0	30114
S	ptg000633l	*	LN:i:402237	rd:i:1	402237
S	ptg000634l	*	LN:i:40704	rd:i:0	40704
S	ptg000635l	*	LN:i:74148	rd:i:3	74148
S	ptg000636l	*	LN:i:125538	rd:i:0	125538
S	ptg000637l	*	LN:i:52166	rd:i:0	52166
S	ptg000638l	*	LN:i:110612	rd:i:1	110612
S	ptg000639l	*	LN:i:41602	rd:i:0	41602
S	ptg000640l	*	LN:i:99603	rd:i:0	99603
S	ptg000641l	*	LN:i:100009	rd:i:0	100009
S	ptg000642l	*	LN:i:277423	rd:i:2	277423
S	ptg000643l	*	LN:i:149075	rd:i:3	149075
S	ptg000644l	*	LN:i:89001	rd:i:1	89001
S	ptg000645l	*	LN:i:44396	rd:i:1	44396
S	ptg000646l	*	LN:i:89310	rd:i:0	89310
S	ptg000647l	*	LN:i:47348	rd:i:0	47348
S	ptg000648l	*	LN:i:111354	rd:i:1	111354
S	ptg000649l	*	LN:i:239918	rd:i:0	239918
S	ptg000650l	*	LN:i:106936	rd:i:1	106936
S	ptg000651l	*	LN:i:80061	rd:i:249	80061
S	ptg000652l	*	LN:i:158760	rd:i:1	158760
S	ptg000653l	*	LN:i:113241	rd:i:1	113241
S	ptg000654l	*	LN:i:36173	rd:i:0	36173
S	ptg000655l	*	LN:i:33962	rd:i:0	33962
S	ptg000656l	*	LN:i:71908	rd:i:1	71908
S	ptg000657l	*	LN:i:51187	rd:i:1	51187
S	ptg000658l	*	LN:i:60118	rd:i:1	60118
S	ptg000659l	*	LN:i:42928	rd:i:0	42928
S	ptg000660l	*	LN:i:84437	rd:i:0	84437
S	ptg000661l	*	LN:i:154145	rd:i:1	154145
S	ptg000662l	*	LN:i:129561	rd:i:0	129561
S	ptg000663l	*	LN:i:46043	rd:i:0	46043
S	ptg000664l	*	LN:i:107339	rd:i:1	107339
S	ptg000665l	*	LN:i:53535	rd:i:1	53535
S	ptg000666l	*	LN:i:170626	rd:i:1	170626
S	ptg000667l	*	LN:i:173844	rd:i:1	173844
S	ptg000668l	*	LN:i:194130	rd:i:4	194130
S	ptg000669l	*	LN:i:157903	rd:i:0	157903
S	ptg000670l	*	LN:i:49408	rd:i:0	49408
S	ptg000671l	*	LN:i:37532	rd:i:1	37532
S	ptg000672l	*	LN:i:35856	rd:i:0	35856
S	ptg000673l	*	LN:i:190016	rd:i:1	190016
S	ptg000674l	*	LN:i:35132	rd:i:0	35132
S	ptg000675l	*	LN:i:15560	rd:i:4	15560
S	ptg000676l	*	LN:i:69716	rd:i:2	69716
S	ptg000677l	*	LN:i:357525	rd:i:1	357525
S	ptg000678l	*	LN:i:96631	rd:i:0	96631
S	ptg000679l	*	LN:i:162349	rd:i:1	162349
S	ptg000680l	*	LN:i:28613	rd:i:68	28613
S	ptg000681l	*	LN:i:22335	rd:i:0	22335
S	ptg000682l	*	LN:i:48104	rd:i:2	48104
S	ptg000683l	*	LN:i:61284	rd:i:0	61284
S	ptg000684l	*	LN:i:65772	rd:i:399	65772
S	ptg000685l	*	LN:i:75554	rd:i:0	75554
S	ptg000686l	*	LN:i:38052	rd:i:7	38052
S	ptg000687l	*	LN:i:68029	rd:i:0	68029
S	ptg000688l	*	LN:i:67348	rd:i:1	67348
S	ptg000689l	*	LN:i:21411	rd:i:2	21411
S	ptg000690l	*	LN:i:51794	rd:i:0	51794
S	ptg000691l	*	LN:i:116137	rd:i:0	116137
S	ptg000692l	*	LN:i:29202	rd:i:0	29202
S	ptg000693l	*	LN:i:65629	rd:i:0	65629
S	ptg000694l	*	LN:i:165163	rd:i:0	165163
S	ptg000695l	*	LN:i:96360	rd:i:1	96360
S	ptg000696l	*	LN:i:121937	rd:i:2	121937
S	ptg000697l	*	LN:i:400171	rd:i:12	400171
S	ptg000698l	*	LN:i:61434	rd:i:1	61434
S	ptg000699l	*	LN:i:29514	rd:i:0	29514
S	ptg000700l	*	LN:i:55896	rd:i:0	55896
S	ptg000701l	*	LN:i:107660	rd:i:1	107660
S	ptg000702l	*	LN:i:176940	rd:i:1	176940
S	ptg000703l	*	LN:i:240108	rd:i:8	240108
S	ptg000704l	*	LN:i:45352	rd:i:1	45352
S	ptg000705l	*	LN:i:115147	rd:i:1	115147
S	ptg000706l	*	LN:i:44074	rd:i:0	44074
S	ptg000707l	*	LN:i:307849	rd:i:1	307849
S	ptg000708l	*	LN:i:32260	rd:i:0	32260
S	ptg000709l	*	LN:i:80500	rd:i:3	80500
S	ptg000710l	*	LN:i:50746	rd:i:0	50746
S	ptg000711l	*	LN:i:36390	rd:i:0	36390
S	ptg000712l	*	LN:i:118541	rd:i:5	118541
S	ptg000713l	*	LN:i:73769	rd:i:0	73769
S	ptg000714l	*	LN:i:52605	rd:i:0	52605
S	ptg000715l	*	LN:i:41104	rd:i:5	41104
S	ptg000716l	*	LN:i:119934	rd:i:1	119934
S	ptg000717l	*	LN:i:111821	rd:i:1	111821
S	ptg000718l	*	LN:i:72328	rd:i:4	72328
S	ptg000719l	*	LN:i:73669	rd:i:1	73669
S	ptg000720l	*	LN:i:218083	rd:i:1	218083
S	ptg000721l	*	LN:i:84104	rd:i:2	84104
S	ptg000722l	*	LN:i:47328	rd:i:0	47328
S	ptg000723l	*	LN:i:74426	rd:i:2	74426
S	ptg000724l	*	LN:i:100621	rd:i:1	100621
S	ptg000725l	*	LN:i:104730	rd:i:2	104730
S	ptg000726l	*	LN:i:68731	rd:i:0	68731
S	ptg000727l	*	LN:i:45200	rd:i:0	45200
S	ptg000728l	*	LN:i:33646	rd:i:0	33646
S	ptg000729l	*	LN:i:33989	rd:i:0	33989
S	ptg000730l	*	LN:i:84161	rd:i:2	84161
S	ptg000731l	*	LN:i:37670	rd:i:0	37670
S	ptg000732l	*	LN:i:39075	rd:i:0	39075
S	ptg000733l	*	LN:i:79245	rd:i:0	79245
S	ptg000734l	*	LN:i:33263	rd:i:8	33263
S	ptg000735l	*	LN:i:145540	rd:i:1	145540
S	ptg000736l	*	LN:i:146855	rd:i:2	146855
S	ptg000737l	*	LN:i:117649	rd:i:1	117649
S	ptg000738l	*	LN:i:116545	rd:i:2	116545
S	ptg000739l	*	LN:i:86898	rd:i:1	86898
S	ptg000740l	*	LN:i:29125	rd:i:0	29125
S	ptg000741l	*	LN:i:43602	rd:i:0	43602
S	ptg000742l	*	LN:i:52505	rd:i:0	52505
S	ptg000743l	*	LN:i:36172	rd:i:0	36172
S	ptg000744l	*	LN:i:35333	rd:i:205	35333
S	ptg000745l	*	LN:i:11257500	rd:i:15	11257500
S	ptg000746l	*	LN:i:88618	rd:i:0	88618
S	ptg000747l	*	LN:i:67220	rd:i:0	67220
S	ptg000748l	*	LN:i:9602	rd:i:57	9602
S	ptg000749l	*	LN:i:51755	rd:i:0	51755
S	ptg000750l	*	LN:i:227364	rd:i:3	227364
S	ptg000751l	*	LN:i:73025	rd:i:2	73025
S	ptg000752l	*	LN:i:32636	rd:i:1	32636
S	ptg000753l	*	LN:i:34647	rd:i:0	34647
S	ptg000754l	*	LN:i:34632	rd:i:0	34632
S	ptg000755l	*	LN:i:53446	rd:i:0	53446
S	ptg000756l	*	LN:i:50850	rd:i:0	50850
S	ptg000757c	*	LN:i:95989	rd:i:7	95989
S	ptg000758l	*	LN:i:73243	rd:i:0	73243
S	ptg000759l	*	LN:i:25164	rd:i:1	25164
S	ptg000760l	*	LN:i:15275	rd:i:1	15275
S	ptg000761l	*	LN:i:357206	rd:i:5	357206
S	ptg000762l	*	LN:i:224491	rd:i:2	224491
S	ptg000763l	*	LN:i:285872	rd:i:1	285872
S	ptg000764l	*	LN:i:106800	rd:i:0	106800
S	ptg000765l	*	LN:i:202031	rd:i:0	202031
S	ptg000766l	*	LN:i:51595	rd:i:0	51595
S	ptg000767l	*	LN:i:78119	rd:i:0	78119
S	ptg000768l	*	LN:i:117379	rd:i:1	117379
S	ptg000769l	*	LN:i:28625	rd:i:0	28625
S	ptg000770l	*	LN:i:68734	rd:i:0	68734
S	ptg000771l	*	LN:i:126521	rd:i:1	126521
S	ptg000772l	*	LN:i:83715	rd:i:0	83715
S	ptg000773l	*	LN:i:73314	rd:i:0	73314
S	ptg000774l	*	LN:i:42215	rd:i:0	42215
S	ptg000775l	*	LN:i:38200	rd:i:0	38200
S	ptg000776l	*	LN:i:61897	rd:i:0	61897
S	ptg000777l	*	LN:i:218973	rd:i:5	218973
S	ptg000778l	*	LN:i:30693	rd:i:2	30693
S	ptg000779l	*	LN:i:40557	rd:i:3	40557
S	ptg000780l	*	LN:i:473112	rd:i:3	473112
S	ptg000781l	*	LN:i:107073	rd:i:0	107073
S	ptg000782l	*	LN:i:1150597	rd:i:4	1150597
S	ptg000783l	*	LN:i:85123	rd:i:0	85123
S	ptg000784l	*	LN:i:113272	rd:i:0	113272
S	ptg000785l	*	LN:i:30077	rd:i:2	30077
S	ptg000786l	*	LN:i:24039	rd:i:75	24039
S	ptg000787l	*	LN:i:255577	rd:i:2	255577
S	ptg000788l	*	LN:i:96436	rd:i:1	96436
S	ptg000789l	*	LN:i:60090	rd:i:0	60090
S	ptg000790l	*	LN:i:51118	rd:i:0	51118
S	ptg000791l	*	LN:i:134664	rd:i:1	134664
S	ptg000792c	*	LN:i:136984	rd:i:15	136984
S	ptg000793l	*	LN:i:96744	rd:i:4	96744
S	ptg000794l	*	LN:i:58149	rd:i:1	58149
S	ptg000795l	*	LN:i:70284	rd:i:0	70284
S	ptg000796l	*	LN:i:217213	rd:i:0	217213
S	ptg000797l	*	LN:i:26099	rd:i:89	26099
S	ptg000798l	*	LN:i:65360	rd:i:0	65360
S	ptg000799l	*	LN:i:32984	rd:i:2	32984
S	ptg000800l	*	LN:i:153349	rd:i:5	153349
S	ptg000801l	*	LN:i:38801	rd:i:0	38801
S	ptg000802l	*	LN:i:59553	rd:i:1	59553
S	ptg000803l	*	LN:i:86201	rd:i:2	86201
S	ptg000804l	*	LN:i:36599	rd:i:0	36599
S	ptg000805l	*	LN:i:162821	rd:i:26	162821
S	ptg000806l	*	LN:i:36710	rd:i:0	36710
S	ptg000807l	*	LN:i:69867	rd:i:0	69867
S	ptg000808l	*	LN:i:180840	rd:i:1	180840
S	ptg000809l	*	LN:i:56522	rd:i:5	56522
S	ptg000810l	*	LN:i:25988	rd:i:0	25988
S	ptg000811l	*	LN:i:212915	rd:i:1	212915
S	ptg000812l	*	LN:i:87622	rd:i:0	87622
S	ptg000813l	*	LN:i:57041	rd:i:0	57041
S	ptg000814l	*	LN:i:26168	rd:i:87	26168
S	ptg000815l	*	LN:i:50624	rd:i:6	50624
S	ptg000816l	*	LN:i:61451	rd:i:0	61451
S	ptg000817l	*	LN:i:56480	rd:i:0	56480
S	ptg000818l	*	LN:i:95882	rd:i:0	95882
S	ptg000819l	*	LN:i:78286	rd:i:1	78286
S	ptg000820l	*	LN:i:98412	rd:i:0	98412
S	ptg000821l	*	LN:i:36272	rd:i:0	36272
S	ptg000822l	*	LN:i:51945	rd:i:1	51945
S	ptg000823l	*	LN:i:72591	rd:i:0	72591
S	ptg000824l	*	LN:i:92118	rd:i:3	92118
S	ptg000825l	*	LN:i:55613	rd:i:0	55613
S	ptg000826l	*	LN:i:59863	rd:i:13	59863
S	ptg000827l	*	LN:i:51258	rd:i:1	51258
S	ptg000828l	*	LN:i:80721	rd:i:5	80721
S	ptg000829l	*	LN:i:29309	rd:i:0	29309
S	ptg000830l	*	LN:i:73009	rd:i:0	73009
S	ptg000831l	*	LN:i:69270	rd:i:0	69270
S	ptg000832l	*	LN:i:33065	rd:i:4	33065
S	ptg000833l	*	LN:i:95939	rd:i:3	95939
S	ptg000834l	*	LN:i:54189	rd:i:0	54189
S	ptg000835l	*	LN:i:309734	rd:i:14	309734
S	ptg000836l	*	LN:i:17261	rd:i:3	17261
S	ptg000837l	*	LN:i:30878	rd:i:1	30878
S	ptg000838l	*	LN:i:87930	rd:i:1	87930
S	ptg000839l	*	LN:i:44144	rd:i:394	44144
S	ptg000840l	*	LN:i:98835	rd:i:2	98835
S	ptg000841l	*	LN:i:26349	rd:i:1	26349
S	ptg000842l	*	LN:i:53175	rd:i:0	53175
S	ptg000843l	*	LN:i:171929	rd:i:0	171929
S	ptg000844l	*	LN:i:171477	rd:i:1	171477
S	ptg000845l	*	LN:i:159438	rd:i:0	159438
S	ptg000846l	*	LN:i:87444	rd:i:2	87444
S	ptg000847l	*	LN:i:33487	rd:i:0	33487
S	ptg000848l	*	LN:i:83091	rd:i:1	83091
S	ptg000849l	*	LN:i:28301	rd:i:0	28301
S	ptg000850l	*	LN:i:124577	rd:i:0	124577
S	ptg000851l	*	LN:i:71091	rd:i:0	71091
S	ptg000852l	*	LN:i:140825	rd:i:6	140825
S	ptg000853l	*	LN:i:37340	rd:i:0	37340
S	ptg000854l	*	LN:i:85325	rd:i:0	85325
S	ptg000855l	*	LN:i:48666	rd:i:1	48666
S	ptg000856l	*	LN:i:24092	rd:i:0	24092
S	ptg000857l	*	LN:i:25224	rd:i:0	25224
S	ptg000858l	*	LN:i:21496	rd:i:0	21496
S	ptg000859l	*	LN:i:58317	rd:i:0	58317
S	ptg000860l	*	LN:i:269796	rd:i:1	269796
S	ptg000861l	*	LN:i:99260	rd:i:0	99260
S	ptg000862l	*	LN:i:117815	rd:i:1	117815
S	ptg000863l	*	LN:i:55090	rd:i:2	55090
S	ptg000864l	*	LN:i:83217	rd:i:3	83217
S	ptg000865l	*	LN:i:29062	rd:i:1	29062
S	ptg000866l	*	LN:i:215478	rd:i:2	215478
S	ptg000867l	*	LN:i:54719	rd:i:0	54719
S	ptg000868l	*	LN:i:156031	rd:i:6	156031
S	ptg000869l	*	LN:i:185400	rd:i:1	185400
S	ptg000870l	*	LN:i:55229	rd:i:2	55229
S	ptg000871l	*	LN:i:50702	rd:i:0	50702
S	ptg000872l	*	LN:i:56958	rd:i:0	56958
S	ptg000873l	*	LN:i:169888	rd:i:5	169888
S	ptg000874l	*	LN:i:42326	rd:i:2	42326
S	ptg000875l	*	LN:i:138722	rd:i:1	138722
S	ptg000876l	*	LN:i:49481	rd:i:1	49481
S	ptg000877l	*	LN:i:86404	rd:i:1	86404
S	ptg000878l	*	LN:i:36853	rd:i:0	36853
S	ptg000879l	*	LN:i:107094	rd:i:0	107094
S	ptg000880l	*	LN:i:29399	rd:i:0	29399
S	ptg000881l	*	LN:i:135205	rd:i:2	135205
S	ptg000882l	*	LN:i:30988	rd:i:0	30988
S	ptg000883l	*	LN:i:42377	rd:i:4	42377
S	ptg000884l	*	LN:i:271683	rd:i:2	271683
S	ptg000885l	*	LN:i:127887	rd:i:1	127887
S	ptg000886l	*	LN:i:138529	rd:i:7	138529
S	ptg000887l	*	LN:i:154698	rd:i:0	154698
S	ptg000888l	*	LN:i:59176	rd:i:1	59176
S	ptg000889l	*	LN:i:36860	rd:i:0	36860
S	ptg000890l	*	LN:i:476257	rd:i:1	476257
S	ptg000891l	*	LN:i:81034	rd:i:2	81034
S	ptg000892l	*	LN:i:83718	rd:i:1	83718
S	ptg000893l	*	LN:i:164591	rd:i:1	164591
S	ptg000894l	*	LN:i:89866	rd:i:0	89866
S	ptg000895l	*	LN:i:115078	rd:i:0	115078
S	ptg000896l	*	LN:i:79427	rd:i:1	79427
S	ptg000897l	*	LN:i:110114	rd:i:0	110114
S	ptg000898l	*	LN:i:53698	rd:i:0	53698
S	ptg000899l	*	LN:i:103111	rd:i:1	103111
S	ptg000900l	*	LN:i:115442	rd:i:1	115442
S	ptg000901l	*	LN:i:43064	rd:i:354	43064
S	ptg000902l	*	LN:i:27080	rd:i:11	27080
S	ptg000903l	*	LN:i:123901	rd:i:1	123901
S	ptg000904l	*	LN:i:50866	rd:i:0	50866
S	ptg000905l	*	LN:i:41641	rd:i:0	41641
S	ptg000906l	*	LN:i:178727	rd:i:0	178727
S	ptg000907l	*	LN:i:51690	rd:i:0	51690
S	ptg000908l	*	LN:i:55849	rd:i:0	55849
S	ptg000909l	*	LN:i:34701	rd:i:0	34701
S	ptg000910l	*	LN:i:48300	rd:i:1	48300
S	ptg000911l	*	LN:i:38820	rd:i:4	38820
S	ptg000912l	*	LN:i:116501	rd:i:0	116501
S	ptg000913l	*	LN:i:58137	rd:i:1	58137
S	ptg000914l	*	LN:i:62089	rd:i:0	62089
S	ptg000915l	*	LN:i:56155	rd:i:0	56155
S	ptg000916l	*	LN:i:46304	rd:i:0	46304
S	ptg000917l	*	LN:i:58295	rd:i:0	58295
S	ptg000918l	*	LN:i:133406	rd:i:0	133406
S	ptg000919l	*	LN:i:76944	rd:i:0	76944
S	ptg000920l	*	LN:i:73699	rd:i:0	73699
S	ptg000921l	*	LN:i:27964	rd:i:5	27964
S	ptg000922l	*	LN:i:68842	rd:i:2	68842
S	ptg000923l	*	LN:i:45702	rd:i:0	45702
S	ptg000924l	*	LN:i:90192	rd:i:0	90192
S	ptg000925l	*	LN:i:45042	rd:i:0	45042
S	ptg000926l	*	LN:i:123227	rd:i:4	123227
S	ptg000927c	*	LN:i:36542	rd:i:11	36542
S	ptg000928l	*	LN:i:19294	rd:i:1	19294
S	ptg000929l	*	LN:i:31608	rd:i:1	31608
S	ptg000930l	*	LN:i:58450	rd:i:0	58450
S	ptg000931l	*	LN:i:107911	rd:i:2	107911
S	ptg000932l	*	LN:i:84828	rd:i:0	84828
S	ptg000933c	*	LN:i:42337	rd:i:7	42337
S	ptg000934l	*	LN:i:34189	rd:i:0	34189
S	ptg000935l	*	LN:i:37955	rd:i:0	37955
S	ptg000936l	*	LN:i:56316	rd:i:0	56316
S	ptg000937l	*	LN:i:33654	rd:i:0	33654
S	ptg000938l	*	LN:i:98276	rd:i:1	98276
S	ptg000939l	*	LN:i:110863	rd:i:1	110863
S	ptg000940l	*	LN:i:57460	rd:i:4	57460
S	ptg000941l	*	LN:i:131411	rd:i:1	131411
S	ptg000942l	*	LN:i:122236	rd:i:2	122236
S	ptg000943l	*	LN:i:82079	rd:i:1	82079
S	ptg000944l	*	LN:i:49292	rd:i:2	49292
S	ptg000945l	*	LN:i:114914	rd:i:3	114914
S	ptg000946l	*	LN:i:51900	rd:i:4	51900
S	ptg000947l	*	LN:i:31617	rd:i:0	31617
S	ptg000948l	*	LN:i:71583	rd:i:0	71583
S	ptg000949l	*	LN:i:54079	rd:i:1	54079
S	ptg000950l	*	LN:i:75938	rd:i:3	75938
S	ptg000951l	*	LN:i:255925	rd:i:0	255925
S	ptg000952l	*	LN:i:42112	rd:i:0	42112
S	ptg000953l	*	LN:i:357744	rd:i:1	357744
S	ptg000954l	*	LN:i:31084	rd:i:0	31084
S	ptg000955l	*	LN:i:78005	rd:i:2	78005
S	ptg000956l	*	LN:i:93708	rd:i:1	93708
S	ptg000957l	*	LN:i:65040	rd:i:0	65040
S	ptg000958l	*	LN:i:35141	rd:i:0	35141
S	ptg000959l	*	LN:i:79322	rd:i:1	79322
S	ptg000960l	*	LN:i:133140	rd:i:6	133140
S	ptg000961l	*	LN:i:32468	rd:i:0	32468
S	ptg000962l	*	LN:i:44103	rd:i:1	44103
S	ptg000963l	*	LN:i:33636	rd:i:0	33636
S	ptg000964l	*	LN:i:59525	rd:i:0	59525
S	ptg000965l	*	LN:i:46585	rd:i:1	46585
S	ptg000966l	*	LN:i:147999	rd:i:0	147999
S	ptg000967l	*	LN:i:85696	rd:i:1	85696
S	ptg000968l	*	LN:i:88187	rd:i:1	88187
S	ptg000969l	*	LN:i:30725	rd:i:0	30725
S	ptg000970l	*	LN:i:38147	rd:i:1	38147
S	ptg000971l	*	LN:i:79474	rd:i:0	79474
S	ptg000972l	*	LN:i:68189	rd:i:2	68189
S	ptg000973l	*	LN:i:48000	rd:i:0	48000
S	ptg000974l	*	LN:i:28842	rd:i:0	28842
S	ptg000975l	*	LN:i:117200	rd:i:1	117200
S	ptg000976l	*	LN:i:29492	rd:i:0	29492
S	ptg000977l	*	LN:i:53138	rd:i:1	53138
S	ptg000978l	*	LN:i:38084	rd:i:0	38084
S	ptg000979l	*	LN:i:40269	rd:i:0	40269
S	ptg000980l	*	LN:i:73592	rd:i:0	73592
S	ptg000981l	*	LN:i:43892	rd:i:0	43892
S	ptg000982l	*	LN:i:72805	rd:i:2	72805
S	ptg000983l	*	LN:i:72330	rd:i:0	72330
S	ptg000984l	*	LN:i:172742	rd:i:1	172742
S	ptg000985l	*	LN:i:32571	rd:i:0	32571
S	ptg000986l	*	LN:i:40327	rd:i:0	40327
S	ptg000987l	*	LN:i:62368	rd:i:0	62368
S	ptg000988l	*	LN:i:69598	rd:i:1	69598
S	ptg000989l	*	LN:i:162189	rd:i:0	162189
S	ptg000990l	*	LN:i:60906	rd:i:0	60906
S	ptg000991l	*	LN:i:23576	rd:i:0	23576
S	ptg000992l	*	LN:i:117741	rd:i:2	117741
S	ptg000993l	*	LN:i:81476	rd:i:0	81476
S	ptg000994l	*	LN:i:130051	rd:i:4	130051
S	ptg000995l	*	LN:i:94952	rd:i:2	94952
S	ptg000996l	*	LN:i:39630	rd:i:1	39630
S	ptg000997l	*	LN:i:128003	rd:i:10	128003
S	ptg000998l	*	LN:i:137816	rd:i:5	137816
S	ptg000999l	*	LN:i:236880	rd:i:4	236880
S	ptg001000l	*	LN:i:36844	rd:i:0	36844
S	ptg001001l	*	LN:i:49303	rd:i:0	49303
S	ptg001002l	*	LN:i:65406	rd:i:0	65406
S	ptg001003l	*	LN:i:25187	rd:i:77	25187
S	ptg001004l	*	LN:i:43239	rd:i:0	43239
S	ptg001005l	*	LN:i:66436	rd:i:0	66436
S	ptg001006l	*	LN:i:185063	rd:i:1	185063
S	ptg001007l	*	LN:i:81713	rd:i:0	81713
S	ptg001008l	*	LN:i:42381	rd:i:1	42381
S	ptg001009l	*	LN:i:72880	rd:i:0	72880
S	ptg001010l	*	LN:i:156614	rd:i:3	156614
S	ptg001011l	*	LN:i:35017	rd:i:1	35017
S	ptg001012l	*	LN:i:37087	rd:i:0	37087
S	ptg001013l	*	LN:i:33265	rd:i:0	33265
S	ptg001014l	*	LN:i:107926	rd:i:1	107926
S	ptg001015l	*	LN:i:44785	rd:i:1	44785
S	ptg001016l	*	LN:i:96598	rd:i:0	96598
S	ptg001017l	*	LN:i:146864	rd:i:3	146864
S	ptg001018l	*	LN:i:60315	rd:i:3	60315
S	ptg001019l	*	LN:i:67626	rd:i:0	67626
S	ptg001020l	*	LN:i:50698	rd:i:0	50698
S	ptg001021l	*	LN:i:34815	rd:i:0	34815
S	ptg001022l	*	LN:i:126387	rd:i:0	126387
S	ptg001023l	*	LN:i:35902	rd:i:0	35902
S	ptg001024l	*	LN:i:59960	rd:i:0	59960
S	ptg001025l	*	LN:i:76231	rd:i:1	76231
S	ptg001026l	*	LN:i:81783	rd:i:0	81783
S	ptg001027l	*	LN:i:24267	rd:i:0	24267
S	ptg001028l	*	LN:i:46548	rd:i:0	46548
S	ptg001029l	*	LN:i:149625	rd:i:7	149625
S	ptg001030l	*	LN:i:163240	rd:i:1	163240
S	ptg001031l	*	LN:i:63582	rd:i:0	63582
S	ptg001032l	*	LN:i:25527	rd:i:5	25527
S	ptg001033l	*	LN:i:29453	rd:i:2	29453
S	ptg001034l	*	LN:i:92050	rd:i:1	92050
S	ptg001035l	*	LN:i:91667	rd:i:2	91667
S	ptg001036l	*	LN:i:72462	rd:i:3	72462
S	ptg001037l	*	LN:i:52146	rd:i:1	52146
S	ptg001038l	*	LN:i:35344	rd:i:0	35344
S	ptg001039l	*	LN:i:32491	rd:i:0	32491
S	ptg001040l	*	LN:i:30097	rd:i:0	30097
S	ptg001041l	*	LN:i:63123	rd:i:0	63123
S	ptg001042l	*	LN:i:21045	rd:i:0	21045
S	ptg001043l	*	LN:i:23213	rd:i:42	23213
S	ptg001044l	*	LN:i:67743	rd:i:0	67743
S	ptg001045l	*	LN:i:25310	rd:i:0	25310
S	ptg001046l	*	LN:i:60509	rd:i:0	60509
S	ptg001047l	*	LN:i:138702	rd:i:1	138702
S	ptg001048l	*	LN:i:197476	rd:i:4	197476
S	ptg001049l	*	LN:i:113504	rd:i:1	113504
S	ptg001050l	*	LN:i:81734	rd:i:2	81734
S	ptg001051l	*	LN:i:99554	rd:i:1	99554
S	ptg001052l	*	LN:i:39326	rd:i:0	39326
S	ptg001053l	*	LN:i:88760	rd:i:2	88760
S	ptg001054l	*	LN:i:35229	rd:i:0	35229
S	ptg001055l	*	LN:i:74303	rd:i:1	74303
S	ptg001056l	*	LN:i:45070	rd:i:1	45070
S	ptg001057l	*	LN:i:50234	rd:i:0	50234
S	ptg001058l	*	LN:i:62096	rd:i:1	62096
S	ptg001059l	*	LN:i:69812	rd:i:0	69812
S	ptg001060l	*	LN:i:64148	rd:i:3	64148
S	ptg001061l	*	LN:i:40245	rd:i:0	40245
S	ptg001062l	*	LN:i:189395	rd:i:0	189395
S	ptg001063l	*	LN:i:121944	rd:i:0	121944
S	ptg001064l	*	LN:i:75325	rd:i:0	75325
S	ptg001065l	*	LN:i:28949	rd:i:3	28949
S	ptg001066l	*	LN:i:85071	rd:i:1	85071
S	ptg001067l	*	LN:i:41383	rd:i:4	41383
S	ptg001068l	*	LN:i:35941	rd:i:6	35941
S	ptg001069l	*	LN:i:88340	rd:i:1	88340
S	ptg001070l	*	LN:i:69434	rd:i:0	69434
S	ptg001071l	*	LN:i:136849	rd:i:4	136849
S	ptg001072l	*	LN:i:43025	rd:i:1	43025
S	ptg001073l	*	LN:i:76572	rd:i:0	76572
S	ptg001074l	*	LN:i:72512	rd:i:1	72512
S	ptg001075l	*	LN:i:51734	rd:i:0	51734
S	ptg001076l	*	LN:i:53316	rd:i:1	53316
S	ptg001077l	*	LN:i:232197	rd:i:0	232197
S	ptg001078l	*	LN:i:97799	rd:i:2	97799
S	ptg001079l	*	LN:i:57029	rd:i:2	57029
S	ptg001080l	*	LN:i:50339	rd:i:1	50339
S	ptg001081l	*	LN:i:72188	rd:i:2	72188
S	ptg001082l	*	LN:i:141864	rd:i:1	141864
S	ptg001083l	*	LN:i:71410	rd:i:1	71410
S	ptg001084l	*	LN:i:47174	rd:i:0	47174
S	ptg001085l	*	LN:i:72477	rd:i:2	72477
S	ptg001086l	*	LN:i:42804	rd:i:0	42804
S	ptg001087l	*	LN:i:40493	rd:i:1	40493
S	ptg001088l	*	LN:i:100163	rd:i:1	100163
S	ptg001089l	*	LN:i:32643	rd:i:0	32643
S	ptg001090l	*	LN:i:47842	rd:i:0	47842
S	ptg001091l	*	LN:i:67727	rd:i:0	67727
S	ptg001092l	*	LN:i:33952	rd:i:0	33952
S	ptg001093l	*	LN:i:78317	rd:i:1	78317
S	ptg001094l	*	LN:i:73368	rd:i:2	73368
S	ptg001095l	*	LN:i:22569	rd:i:0	22569
S	ptg001096l	*	LN:i:55275	rd:i:0	55275
S	ptg001097l	*	LN:i:68317	rd:i:0	68317
S	ptg001098l	*	LN:i:84455	rd:i:2	84455
S	ptg001099l	*	LN:i:43845	rd:i:0	43845
S	ptg001100l	*	LN:i:36002	rd:i:0	36002
S	ptg001101l	*	LN:i:34375	rd:i:0	34375
S	ptg001102l	*	LN:i:40483	rd:i:1	40483
S	ptg001103l	*	LN:i:45716	rd:i:0	45716
S	ptg001104l	*	LN:i:55401	rd:i:0	55401
S	ptg001105l	*	LN:i:24456	rd:i:0	24456
S	ptg001106l	*	LN:i:50718	rd:i:1	50718
S	ptg001107l	*	LN:i:34123	rd:i:0	34123
S	ptg001108l	*	LN:i:75543	rd:i:1	75543
S	ptg001109l	*	LN:i:95233	rd:i:1	95233
S	ptg001110l	*	LN:i:41594	rd:i:2	41594
S	ptg001111l	*	LN:i:49792	rd:i:0	49792
S	ptg001112l	*	LN:i:29988	rd:i:2	29988
S	ptg001113l	*	LN:i:33798	rd:i:0	33798
S	ptg001114l	*	LN:i:62638	rd:i:0	62638
S	ptg001115l	*	LN:i:103344	rd:i:2	103344
S	ptg001116l	*	LN:i:41889	rd:i:1	41889
S	ptg001117l	*	LN:i:123494	rd:i:1	123494
S	ptg001118l	*	LN:i:43110	rd:i:0	43110
S	ptg001119l	*	LN:i:82227	rd:i:1	82227
S	ptg001120l	*	LN:i:32570	rd:i:0	32570
S	ptg001121l	*	LN:i:446040	rd:i:2	446040
S	ptg001122l	*	LN:i:44515	rd:i:1	44515
S	ptg001123l	*	LN:i:29563	rd:i:1	29563
S	ptg001124l	*	LN:i:81737	rd:i:2	81737
S	ptg001125l	*	LN:i:260634	rd:i:1	260634
S	ptg001126l	*	LN:i:85755	rd:i:0	85755
S	ptg001127l	*	LN:i:72547	rd:i:0	72547
S	ptg001128l	*	LN:i:34461	rd:i:0	34461
S	ptg001129l	*	LN:i:31020	rd:i:2	31020
S	ptg001130l	*	LN:i:193928	rd:i:108	193928
S	ptg001131l	*	LN:i:53841	rd:i:1	53841
S	ptg001132l	*	LN:i:80241	rd:i:5	80241
S	ptg001133l	*	LN:i:244380	rd:i:6	244380
S	ptg001134l	*	LN:i:182874	rd:i:2	182874
S	ptg001135l	*	LN:i:50138	rd:i:0	50138
S	ptg001136l	*	LN:i:48296	rd:i:0	48296
S	ptg001137l	*	LN:i:54042	rd:i:0	54042
S	ptg001138l	*	LN:i:31427	rd:i:0	31427
S	ptg001139l	*	LN:i:72141	rd:i:0	72141
S	ptg001140l	*	LN:i:92320	rd:i:2	92320
S	ptg001141l	*	LN:i:62014	rd:i:0	62014
S	ptg001142l	*	LN:i:70135	rd:i:4	70135
S	ptg001143l	*	LN:i:74081	rd:i:0	74081
S	ptg001144l	*	LN:i:26601	rd:i:2	26601
S	ptg001145l	*	LN:i:71096	rd:i:1	71096
S	ptg001146l	*	LN:i:24876	rd:i:87	24876
S	ptg001147l	*	LN:i:39427	rd:i:0	39427
S	ptg001148l	*	LN:i:51952	rd:i:0	51952
S	ptg001149l	*	LN:i:117596	rd:i:1	117596
S	ptg001150l	*	LN:i:78389	rd:i:1	78389
S	ptg001151l	*	LN:i:38822	rd:i:0	38822
S	ptg001152l	*	LN:i:32223	rd:i:203	32223
S	ptg001153l	*	LN:i:26804	rd:i:0	26804
S	ptg001154l	*	LN:i:37754	rd:i:0	37754
S	ptg001155l	*	LN:i:58043	rd:i:2	58043
S	ptg001156l	*	LN:i:39766	rd:i:2	39766
S	ptg001157l	*	LN:i:62191	rd:i:0	62191
S	ptg001158l	*	LN:i:39990	rd:i:0	39990
S	ptg001159l	*	LN:i:42953	rd:i:0	42953
S	ptg001160l	*	LN:i:66191	rd:i:5	66191
S	ptg001161l	*	LN:i:30652	rd:i:0	30652
S	ptg001162l	*	LN:i:126310	rd:i:0	126310
S	ptg001163l	*	LN:i:65893	rd:i:0	65893
S	ptg001164l	*	LN:i:105071	rd:i:1	105071
S	ptg001165l	*	LN:i:171182	rd:i:2	171182
S	ptg001166l	*	LN:i:38700	rd:i:0	38700
S	ptg001167l	*	LN:i:103864	rd:i:0	103864
S	ptg001168l	*	LN:i:40572	rd:i:0	40572
S	ptg001169l	*	LN:i:44066	rd:i:0	44066
S	ptg001170l	*	LN:i:104643	rd:i:2	104643
S	ptg001171l	*	LN:i:95486	rd:i:1	95486
S	ptg001172l	*	LN:i:53710	rd:i:153	53710
S	ptg001173l	*	LN:i:28764	rd:i:0	28764
S	ptg001174l	*	LN:i:65665	rd:i:0	65665
S	ptg001175l	*	LN:i:72516	rd:i:0	72516
S	ptg001176l	*	LN:i:32275	rd:i:0	32275
S	ptg001177l	*	LN:i:26271	rd:i:72	26271
S	ptg001178l	*	LN:i:92512	rd:i:0	92512
S	ptg001179l	*	LN:i:68749	rd:i:0	68749
S	ptg001180l	*	LN:i:27432	rd:i:0	27432
S	ptg001181l	*	LN:i:41148	rd:i:0	41148
S	ptg001182l	*	LN:i:125928	rd:i:3	125928
S	ptg001183l	*	LN:i:64078	rd:i:0	64078
S	ptg001184l	*	LN:i:37764	rd:i:4	37764
S	ptg001185l	*	LN:i:52812	rd:i:0	52812
S	ptg001186l	*	LN:i:53633	rd:i:0	53633
S	ptg001187l	*	LN:i:33144	rd:i:0	33144
S	ptg001188l	*	LN:i:37609	rd:i:0	37609
S	ptg001189l	*	LN:i:47059	rd:i:1	47059
S	ptg001190l	*	LN:i:127425	rd:i:2	127425
S	ptg001191l	*	LN:i:27033	rd:i:2	27033
S	ptg001192l	*	LN:i:40733	rd:i:0	40733
S	ptg001193l	*	LN:i:180988	rd:i:1	180988
S	ptg001194l	*	LN:i:50758	rd:i:1	50758
S	ptg001195l	*	LN:i:51240	rd:i:0	51240
S	ptg001196l	*	LN:i:26608	rd:i:69	26608
S	ptg001197l	*	LN:i:71669	rd:i:0	71669
S	ptg001198l	*	LN:i:80058	rd:i:0	80058
S	ptg001199l	*	LN:i:57325	rd:i:0	57325
S	ptg001200l	*	LN:i:22492	rd:i:0	22492
S	ptg001201l	*	LN:i:91418	rd:i:0	91418
S	ptg001202l	*	LN:i:89720	rd:i:0	89720
S	ptg001203l	*	LN:i:96954	rd:i:1	96954
S	ptg001204l	*	LN:i:86726	rd:i:1	86726
S	ptg001205l	*	LN:i:95514	rd:i:0	95514
S	ptg001206l	*	LN:i:40410	rd:i:0	40410
S	ptg001207l	*	LN:i:38330	rd:i:1	38330
S	ptg001208l	*	LN:i:23707	rd:i:0	23707
S	ptg001209l	*	LN:i:52518	rd:i:0	52518
S	ptg001210l	*	LN:i:48302	rd:i:1	48302
S	ptg001211l	*	LN:i:46335	rd:i:0	46335
S	ptg001212l	*	LN:i:69263	rd:i:2	69263
S	ptg001213l	*	LN:i:62894	rd:i:2	62894
S	ptg001214l	*	LN:i:35241	rd:i:0	35241
S	ptg001215l	*	LN:i:55000	rd:i:0	55000
S	ptg001216l	*	LN:i:68557	rd:i:0	68557
S	ptg001217l	*	LN:i:65517	rd:i:2	65517
S	ptg001218l	*	LN:i:24971	rd:i:0	24971
S	ptg001219l	*	LN:i:38967	rd:i:0	38967
S	ptg001220l	*	LN:i:92122	rd:i:0	92122
S	ptg001221l	*	LN:i:48657	rd:i:0	48657
S	ptg001222l	*	LN:i:514006	rd:i:2	514006
S	ptg001223l	*	LN:i:47627	rd:i:0	47627
S	ptg001224l	*	LN:i:59577	rd:i:0	59577
S	ptg001225l	*	LN:i:45980	rd:i:0	45980
S	ptg001226l	*	LN:i:53870	rd:i:0	53870
S	ptg001227l	*	LN:i:98250	rd:i:127	98250
S	ptg001228l	*	LN:i:35038	rd:i:0	35038
S	ptg001229l	*	LN:i:23678	rd:i:91	23678
S	ptg001230l	*	LN:i:49336	rd:i:0	49336
S	ptg001231l	*	LN:i:63089	rd:i:0	63089
S	ptg001232l	*	LN:i:99780	rd:i:0	99780
S	ptg001233l	*	LN:i:71271	rd:i:0	71271
S	ptg001234l	*	LN:i:40573	rd:i:0	40573
S	ptg001235l	*	LN:i:402544	rd:i:2	402544
S	ptg001236l	*	LN:i:67988	rd:i:0	67988
S	ptg001237l	*	LN:i:126248	rd:i:0	126248
S	ptg001238l	*	LN:i:23493	rd:i:0	23493
S	ptg001239l	*	LN:i:73045	rd:i:1	73045
S	ptg001240l	*	LN:i:62154	rd:i:1	62154
S	ptg001241l	*	LN:i:212486	rd:i:2	212486
S	ptg001242l	*	LN:i:37826	rd:i:0	37826
S	ptg001243l	*	LN:i:90615	rd:i:2	90615
S	ptg001244l	*	LN:i:85745	rd:i:0	85745
S	ptg001245l	*	LN:i:174440	rd:i:1	174440
S	ptg001246l	*	LN:i:35170	rd:i:0	35170
S	ptg001247l	*	LN:i:45596	rd:i:0	45596
S	ptg001248l	*	LN:i:110147	rd:i:1	110147
S	ptg001249l	*	LN:i:85509	rd:i:1	85509
S	ptg001250l	*	LN:i:50331	rd:i:0	50331
S	ptg001251l	*	LN:i:32510	rd:i:0	32510
S	ptg001252l	*	LN:i:28164	rd:i:15	28164
S	ptg001253l	*	LN:i:40423	rd:i:4	40423
S	ptg001254l	*	LN:i:82920	rd:i:0	82920
S	ptg001255l	*	LN:i:52709	rd:i:64	52709
S	ptg001256l	*	LN:i:86831	rd:i:1	86831
S	ptg001257l	*	LN:i:57542	rd:i:0	57542
S	ptg001258l	*	LN:i:54168	rd:i:0	54168
S	ptg001259l	*	LN:i:80161	rd:i:0	80161
S	ptg001260l	*	LN:i:50705	rd:i:1	50705
S	ptg001261l	*	LN:i:71706	rd:i:0	71706
S	ptg001262l	*	LN:i:67949	rd:i:3	67949
S	ptg001263l	*	LN:i:51237	rd:i:0	51237
S	ptg001264l	*	LN:i:40279	rd:i:0	40279
S	ptg001265l	*	LN:i:138137	rd:i:0	138137
S	ptg001266l	*	LN:i:26902	rd:i:0	26902
S	ptg001267l	*	LN:i:46797	rd:i:0	46797
S	ptg001268l	*	LN:i:96888	rd:i:4	96888
S	ptg001269l	*	LN:i:74330	rd:i:3	74330
S	ptg001270l	*	LN:i:109113	rd:i:2	109113
S	ptg001271l	*	LN:i:78490	rd:i:2	78490
S	ptg001272l	*	LN:i:43897	rd:i:1	43897
S	ptg001273l	*	LN:i:38002	rd:i:0	38002
S	ptg001274l	*	LN:i:45428	rd:i:0	45428
S	ptg001275l	*	LN:i:46194	rd:i:8	46194
S	ptg001276l	*	LN:i:44719	rd:i:1	44719
S	ptg001277l	*	LN:i:28873	rd:i:109	28873
S	ptg001278l	*	LN:i:42034	rd:i:0	42034
S	ptg001279l	*	LN:i:100694	rd:i:0	100694
S	ptg001280l	*	LN:i:38498	rd:i:0	38498
S	ptg001281l	*	LN:i:14578	rd:i:0	14578
S	ptg001282l	*	LN:i:28439	rd:i:0	28439
S	ptg001283l	*	LN:i:83462	rd:i:0	83462
S	ptg001284l	*	LN:i:48335	rd:i:0	48335
S	ptg001285l	*	LN:i:26998	rd:i:8	26998
S	ptg001286l	*	LN:i:23472	rd:i:0	23472
S	ptg001287l	*	LN:i:57050	rd:i:1	57050
S	ptg001288l	*	LN:i:59717	rd:i:4	59717
S	ptg001289l	*	LN:i:20326	rd:i:1	20326
S	ptg001290l	*	LN:i:46265	rd:i:1	46265
S	ptg001291l	*	LN:i:76443	rd:i:1	76443
S	ptg001292l	*	LN:i:60829	rd:i:0	60829
S	ptg001293l	*	LN:i:64867	rd:i:1	64867
S	ptg001294l	*	LN:i:51759	rd:i:2	51759
S	ptg001295l	*	LN:i:58704	rd:i:0	58704
S	ptg001296l	*	LN:i:32151	rd:i:0	32151
S	ptg001297l	*	LN:i:23206	rd:i:0	23206
S	ptg001298l	*	LN:i:33883	rd:i:206	33883
S	ptg001299l	*	LN:i:54083	rd:i:0	54083
S	ptg001300l	*	LN:i:41198	rd:i:0	41198
S	ptg001301l	*	LN:i:102596	rd:i:0	102596
S	ptg001302l	*	LN:i:41902	rd:i:0	41902
S	ptg001303l	*	LN:i:29518	rd:i:0	29518
S	ptg001304l	*	LN:i:48400	rd:i:0	48400
S	ptg001305l	*	LN:i:71642	rd:i:0	71642
S	ptg001306l	*	LN:i:118789	rd:i:2	118789
S	ptg001307l	*	LN:i:68791	rd:i:1	68791
S	ptg001308l	*	LN:i:34686	rd:i:0	34686
S	ptg001309l	*	LN:i:74109	rd:i:1	74109
S	ptg001310l	*	LN:i:98925	rd:i:2	98925
S	ptg001311l	*	LN:i:53777	rd:i:0	53777
S	ptg001312l	*	LN:i:33513	rd:i:0	33513
S	ptg001313l	*	LN:i:172338	rd:i:1	172338
S	ptg001314l	*	LN:i:116156	rd:i:0	116156
S	ptg001315l	*	LN:i:25974	rd:i:1	25974
S	ptg001316l	*	LN:i:30490	rd:i:2	30490
S	ptg001317l	*	LN:i:26221	rd:i:0	26221
S	ptg001318l	*	LN:i:46247	rd:i:0	46247
S	ptg001319l	*	LN:i:37724	rd:i:0	37724
S	ptg001320l	*	LN:i:78791	rd:i:1	78791
S	ptg001321l	*	LN:i:31048	rd:i:29	31048
S	ptg001322l	*	LN:i:33430	rd:i:0	33430
S	ptg001323l	*	LN:i:48624	rd:i:1	48624
S	ptg001324l	*	LN:i:26471	rd:i:0	26471
S	ptg001325l	*	LN:i:88691	rd:i:0	88691
S	ptg001326l	*	LN:i:32444	rd:i:0	32444
S	ptg001327l	*	LN:i:93464	rd:i:0	93464
S	ptg001328l	*	LN:i:86580	rd:i:1	86580
S	ptg001329l	*	LN:i:55260	rd:i:4	55260
S	ptg001330l	*	LN:i:31352	rd:i:0	31352
S	ptg001331l	*	LN:i:86250	rd:i:5	86250
S	ptg001332l	*	LN:i:42871	rd:i:0	42871
S	ptg001333l	*	LN:i:35379	rd:i:2	35379
S	ptg001334l	*	LN:i:36095	rd:i:0	36095
S	ptg001335l	*	LN:i:35231	rd:i:0	35231
S	ptg001336l	*	LN:i:56242	rd:i:136	56242
S	ptg001337l	*	LN:i:105419	rd:i:2	105419
S	ptg001338l	*	LN:i:34396	rd:i:0	34396
S	ptg001339l	*	LN:i:158970	rd:i:0	158970
S	ptg001340l	*	LN:i:82361	rd:i:1	82361
S	ptg001341l	*	LN:i:45760	rd:i:0	45760
S	ptg001342l	*	LN:i:57625	rd:i:4	57625
S	ptg001343l	*	LN:i:40985	rd:i:0	40985
S	ptg001344l	*	LN:i:228049	rd:i:2	228049
S	ptg001345l	*	LN:i:42886	rd:i:2	42886
S	ptg001346l	*	LN:i:14675	rd:i:28	14675
S	ptg001347l	*	LN:i:28250	rd:i:0	28250
S	ptg001348l	*	LN:i:29507	rd:i:0	29507
S	ptg001349l	*	LN:i:68155	rd:i:0	68155
S	ptg001350l	*	LN:i:29403	rd:i:0	29403
S	ptg001351l	*	LN:i:68422	rd:i:1	68422
S	ptg001352l	*	LN:i:31558	rd:i:134	31558
S	ptg001353l	*	LN:i:109865	rd:i:0	109865
S	ptg001354l	*	LN:i:51910	rd:i:0	51910
S	ptg001355l	*	LN:i:41269	rd:i:0	41269
S	ptg001356l	*	LN:i:113269	rd:i:1	113269
S	ptg001357l	*	LN:i:35351	rd:i:0	35351
S	ptg001358l	*	LN:i:46889	rd:i:0	46889
S	ptg001359l	*	LN:i:50405	rd:i:0	50405
S	ptg001360l	*	LN:i:25682	rd:i:2	25682
S	ptg001361l	*	LN:i:50246	rd:i:0	50246
S	ptg001362l	*	LN:i:34407	rd:i:0	34407
S	ptg001363l	*	LN:i:67660	rd:i:5	67660
S	ptg001364l	*	LN:i:44927	rd:i:2	44927
S	ptg001365l	*	LN:i:40060	rd:i:1	40060
S	ptg001366l	*	LN:i:59869	rd:i:1	59869
S	ptg001367l	*	LN:i:23908	rd:i:83	23908
S	ptg001368l	*	LN:i:70103	rd:i:0	70103
S	ptg001369l	*	LN:i:101281	rd:i:1	101281
S	ptg001370l	*	LN:i:63856	rd:i:1	63856
S	ptg001371l	*	LN:i:34493	rd:i:0	34493
S	ptg001372l	*	LN:i:85104	rd:i:2	85104
S	ptg001373l	*	LN:i:35665	rd:i:0	35665
S	ptg001374l	*	LN:i:49246	rd:i:4	49246
S	ptg001375l	*	LN:i:42330	rd:i:0	42330
S	ptg001376l	*	LN:i:93609	rd:i:1	93609
S	ptg001377l	*	LN:i:83987	rd:i:2	83987
S	ptg001378l	*	LN:i:138910	rd:i:2	138910
S	ptg001379l	*	LN:i:39995	rd:i:1	39995
S	ptg001380l	*	LN:i:38630	rd:i:206	38630
S	ptg001381l	*	LN:i:50474	rd:i:0	50474
S	ptg001382l	*	LN:i:27262	rd:i:104	27262
S	ptg001383l	*	LN:i:54609	rd:i:0	54609
S	ptg001384l	*	LN:i:49439	rd:i:1	49439
S	ptg001385l	*	LN:i:161696	rd:i:1	161696
S	ptg001386l	*	LN:i:27260	rd:i:0	27260
S	ptg001387l	*	LN:i:27669	rd:i:0	27669
S	ptg001388l	*	LN:i:36959	rd:i:0	36959
S	ptg001389l	*	LN:i:133342	rd:i:77	133342
S	ptg001390l	*	LN:i:114250	rd:i:0	114250
S	ptg001391l	*	LN:i:34191	rd:i:3	34191
S	ptg001392l	*	LN:i:48460	rd:i:0	48460
S	ptg001393l	*	LN:i:42574	rd:i:0	42574
S	ptg001394l	*	LN:i:77796	rd:i:1	77796
S	ptg001395l	*	LN:i:98791	rd:i:1	98791
S	ptg001396l	*	LN:i:42800	rd:i:0	42800
S	ptg001397l	*	LN:i:68347	rd:i:0	68347
S	ptg001398l	*	LN:i:49954	rd:i:0	49954
S	ptg001399l	*	LN:i:26680	rd:i:0	26680
S	ptg001400l	*	LN:i:95521	rd:i:2	95521
S	ptg001401l	*	LN:i:118800	rd:i:1	118800
S	ptg001402l	*	LN:i:38323	rd:i:0	38323
S	ptg001403l	*	LN:i:94004	rd:i:1	94004
S	ptg001404l	*	LN:i:38962	rd:i:0	38962
S	ptg001405l	*	LN:i:28169	rd:i:0	28169
S	ptg001406l	*	LN:i:66727	rd:i:1	66727
S	ptg001407l	*	LN:i:38155	rd:i:0	38155
S	ptg001408l	*	LN:i:18266	rd:i:0	18266
S	ptg001409l	*	LN:i:47948	rd:i:1	47948
S	ptg001410l	*	LN:i:28608	rd:i:0	28608
S	ptg001411l	*	LN:i:22372	rd:i:0	22372
S	ptg001412l	*	LN:i:54304	rd:i:0	54304
S	ptg001413l	*	LN:i:51042	rd:i:1	51042
S	ptg001414l	*	LN:i:94971	rd:i:0	94971
S	ptg001415l	*	LN:i:31866	rd:i:3	31866
S	ptg001416l	*	LN:i:94018	rd:i:3	94018
S	ptg001417l	*	LN:i:41954	rd:i:0	41954
S	ptg001418l	*	LN:i:39673	rd:i:0	39673
S	ptg001419l	*	LN:i:52653	rd:i:0	52653
S	ptg001420l	*	LN:i:38896	rd:i:0	38896
S	ptg001421l	*	LN:i:31456	rd:i:0	31456
S	ptg001422l	*	LN:i:67698	rd:i:1	67698
S	ptg001423l	*	LN:i:54043	rd:i:1	54043
S	ptg001424l	*	LN:i:29149	rd:i:0	29149
S	ptg001425l	*	LN:i:82862	rd:i:0	82862
S	ptg001426l	*	LN:i:44718	rd:i:0	44718
S	ptg001427l	*	LN:i:101069	rd:i:0	101069
S	ptg001428l	*	LN:i:232174	rd:i:2	232174
S	ptg001429l	*	LN:i:267282	rd:i:1	267282
S	ptg001430l	*	LN:i:28251	rd:i:0	28251
S	ptg001431l	*	LN:i:26049	rd:i:5	26049
S	ptg001432l	*	LN:i:40870	rd:i:0	40870
S	ptg001433l	*	LN:i:30541	rd:i:0	30541
S	ptg001434l	*	LN:i:44406	rd:i:0	44406
S	ptg001435l	*	LN:i:38337	rd:i:1	38337
S	ptg001436l	*	LN:i:76911	rd:i:3	76911
S	ptg001437l	*	LN:i:62514	rd:i:0	62514
S	ptg001438l	*	LN:i:56035	rd:i:0	56035
S	ptg001439l	*	LN:i:177687	rd:i:0	177687
S	ptg001440l	*	LN:i:24114	rd:i:18	24114
S	ptg001441l	*	LN:i:35923	rd:i:2	35923
S	ptg001442l	*	LN:i:30412	rd:i:0	30412
S	ptg001443l	*	LN:i:36813	rd:i:0	36813
S	ptg001444l	*	LN:i:27187	rd:i:0	27187
S	ptg001445l	*	LN:i:84573	rd:i:0	84573
S	ptg001446l	*	LN:i:81233	rd:i:0	81233
S	ptg001447l	*	LN:i:42153	rd:i:0	42153
S	ptg001448l	*	LN:i:65079	rd:i:3	65079
S	ptg001449l	*	LN:i:46422	rd:i:0	46422
S	ptg001450l	*	LN:i:59509	rd:i:0	59509
S	ptg001451l	*	LN:i:30645	rd:i:0	30645
S	ptg001452l	*	LN:i:31111	rd:i:0	31111
S	ptg001453l	*	LN:i:42235	rd:i:0	42235
S	ptg001454l	*	LN:i:62459	rd:i:0	62459
S	ptg001455l	*	LN:i:140381	rd:i:1	140381
S	ptg001456l	*	LN:i:39646	rd:i:1	39646
S	ptg001457l	*	LN:i:120309	rd:i:1	120309
S	ptg001458l	*	LN:i:120219	rd:i:0	120219
S	ptg001459l	*	LN:i:37050	rd:i:0	37050
S	ptg001460l	*	LN:i:32067	rd:i:0	32067
S	ptg001461l	*	LN:i:46689	rd:i:3	46689
S	ptg001462l	*	LN:i:26926	rd:i:1	26926
S	ptg001463l	*	LN:i:31825	rd:i:1	31825
S	ptg001464l	*	LN:i:44470	rd:i:0	44470
S	ptg001465l	*	LN:i:193837	rd:i:1	193837
S	ptg001466l	*	LN:i:59303	rd:i:0	59303
S	ptg001467l	*	LN:i:63030	rd:i:2	63030
S	ptg001468l	*	LN:i:50847	rd:i:0	50847
S	ptg001469l	*	LN:i:91644	rd:i:0	91644
S	ptg001470l	*	LN:i:66476	rd:i:1	66476
S	ptg001471l	*	LN:i:107067	rd:i:0	107067
S	ptg001472l	*	LN:i:8518	rd:i:15	8518
S	ptg001473l	*	LN:i:63804	rd:i:84	63804
S	ptg001474l	*	LN:i:35952	rd:i:2	35952
S	ptg001475l	*	LN:i:50742	rd:i:1	50742
S	ptg001476l	*	LN:i:30558	rd:i:178	30558
S	ptg001477l	*	LN:i:78233	rd:i:1	78233
S	ptg001478l	*	LN:i:38067	rd:i:21	38067
S	ptg001479l	*	LN:i:66642	rd:i:0	66642
S	ptg001480l	*	LN:i:46834	rd:i:0	46834
S	ptg001481l	*	LN:i:41561	rd:i:2	41561
S	ptg001482l	*	LN:i:120610	rd:i:1	120610
S	ptg001483l	*	LN:i:40541	rd:i:0	40541
S	ptg001484l	*	LN:i:27286	rd:i:0	27286
S	ptg001485l	*	LN:i:33134	rd:i:0	33134
S	ptg001486l	*	LN:i:71553	rd:i:0	71553
S	ptg001487l	*	LN:i:21662	rd:i:1	21662
S	ptg001488l	*	LN:i:31605	rd:i:3	31605
S	ptg001489l	*	LN:i:40235	rd:i:0	40235
S	ptg001490l	*	LN:i:64927	rd:i:1	64927
S	ptg001491l	*	LN:i:67754	rd:i:1	67754
S	ptg001492l	*	LN:i:67744	rd:i:0	67744
S	ptg001493l	*	LN:i:78241	rd:i:0	78241
S	ptg001494l	*	LN:i:36632	rd:i:0	36632
S	ptg001495l	*	LN:i:60826	rd:i:0	60826
S	ptg001496l	*	LN:i:71375	rd:i:0	71375
S	ptg001497l	*	LN:i:30899	rd:i:0	30899
S	ptg001498l	*	LN:i:38014	rd:i:1	38014
S	ptg001499l	*	LN:i:23129	rd:i:0	23129
S	ptg001500l	*	LN:i:116075	rd:i:1	116075
S	ptg001501l	*	LN:i:36100	rd:i:0	36100
S	ptg001502l	*	LN:i:26841	rd:i:0	26841
S	ptg001503l	*	LN:i:31426	rd:i:0	31426
S	ptg001504l	*	LN:i:86980	rd:i:0	86980
S	ptg001505l	*	LN:i:150356	rd:i:2	150356
S	ptg001506l	*	LN:i:71565	rd:i:0	71565
S	ptg001507l	*	LN:i:28865	rd:i:97	28865
S	ptg001508l	*	LN:i:35298	rd:i:0	35298
S	ptg001509l	*	LN:i:26198	rd:i:33	26198
S	ptg001510l	*	LN:i:106297	rd:i:1	106297
S	ptg001511l	*	LN:i:68949	rd:i:1	68949
S	ptg001512l	*	LN:i:24548	rd:i:0	24548
S	ptg001513l	*	LN:i:65329	rd:i:2	65329
S	ptg001514l	*	LN:i:34704	rd:i:0	34704
S	ptg001515l	*	LN:i:16882	rd:i:0	16882
S	ptg001516l	*	LN:i:52338	rd:i:0	52338
S	ptg001517l	*	LN:i:151695	rd:i:1	151695
S	ptg001518l	*	LN:i:99909	rd:i:1	99909
S	ptg001519l	*	LN:i:31202	rd:i:0	31202
S	ptg001520l	*	LN:i:45937	rd:i:0	45937
S	ptg001521l	*	LN:i:43839	rd:i:0	43839
S	ptg001522l	*	LN:i:32318	rd:i:2	32318
S	ptg001523l	*	LN:i:43280	rd:i:0	43280
S	ptg001524l	*	LN:i:47719	rd:i:0	47719
S	ptg001525l	*	LN:i:25715	rd:i:18	25715
S	ptg001526l	*	LN:i:81945	rd:i:0	81945
S	ptg001527l	*	LN:i:97948	rd:i:3	97948
S	ptg001528l	*	LN:i:180144	rd:i:0	180144
S	ptg001529l	*	LN:i:94750	rd:i:1	94750
S	ptg001530l	*	LN:i:78003	rd:i:0	78003
S	ptg001531l	*	LN:i:18938	rd:i:1	18938
S	ptg001532l	*	LN:i:45505	rd:i:0	45505
S	ptg001533l	*	LN:i:54623	rd:i:0	54623
S	ptg001534l	*	LN:i:93885	rd:i:2	93885
S	ptg001535l	*	LN:i:15068	rd:i:4	15068
S	ptg001536l	*	LN:i:41823	rd:i:0	41823
S	ptg001537l	*	LN:i:44377	rd:i:5	44377
S	ptg001538l	*	LN:i:85653	rd:i:0	85653
S	ptg001539l	*	LN:i:27268	rd:i:0	27268
S	ptg001540l	*	LN:i:32053	rd:i:3	32053
S	ptg001541l	*	LN:i:86708	rd:i:0	86708
S	ptg001542l	*	LN:i:100991	rd:i:0	100991
S	ptg001543l	*	LN:i:66198	rd:i:1	66198
S	ptg001544l	*	LN:i:27298	rd:i:2	27298
S	ptg001545l	*	LN:i:67548	rd:i:0	67548
S	ptg001546l	*	LN:i:33437	rd:i:0	33437
S	ptg001547l	*	LN:i:30777	rd:i:0	30777
S	ptg001548l	*	LN:i:43923	rd:i:0	43923
S	ptg001549l	*	LN:i:67669	rd:i:1	67669
S	ptg001550l	*	LN:i:25397	rd:i:0	25397
S	ptg001551l	*	LN:i:39369	rd:i:0	39369
S	ptg001552l	*	LN:i:34079	rd:i:4	34079
S	ptg001553l	*	LN:i:72059	rd:i:0	72059
S	ptg001554l	*	LN:i:46747	rd:i:2	46747
S	ptg001555l	*	LN:i:35925	rd:i:0	35925
S	ptg001556l	*	LN:i:90194	rd:i:0	90194
S	ptg001557l	*	LN:i:84546	rd:i:0	84546
S	ptg001558l	*	LN:i:120903	rd:i:1	120903
S	ptg001559l	*	LN:i:37461	rd:i:0	37461
S	ptg001560l	*	LN:i:41146	rd:i:0	41146
S	ptg001561l	*	LN:i:33084	rd:i:0	33084
S	ptg001562l	*	LN:i:51435	rd:i:0	51435
S	ptg001563l	*	LN:i:150664	rd:i:0	150664
S	ptg001564l	*	LN:i:97727	rd:i:2	97727
S	ptg001565l	*	LN:i:99760	rd:i:48	99760
S	ptg001566l	*	LN:i:27476	rd:i:0	27476
S	ptg001567l	*	LN:i:362708	rd:i:2	362708
S	ptg001568l	*	LN:i:21061	rd:i:3	21061
S	ptg001569l	*	LN:i:85119	rd:i:0	85119
S	ptg001570l	*	LN:i:37068	rd:i:0	37068
S	ptg001571l	*	LN:i:29945	rd:i:46	29945
S	ptg001572l	*	LN:i:39934	rd:i:0	39934
S	ptg001573l	*	LN:i:27835	rd:i:0	27835
S	ptg001574l	*	LN:i:38181	rd:i:4	38181
S	ptg001575l	*	LN:i:25086	rd:i:0	25086
S	ptg001576l	*	LN:i:52867	rd:i:0	52867
S	ptg001577l	*	LN:i:56975	rd:i:0	56975
S	ptg001578l	*	LN:i:50018	rd:i:2	50018
S	ptg001579l	*	LN:i:64634	rd:i:0	64634
S	ptg001580l	*	LN:i:51190	rd:i:0	51190
S	ptg001581l	*	LN:i:96149	rd:i:0	96149
S	ptg001582l	*	LN:i:33873	rd:i:0	33873
S	ptg001583l	*	LN:i:40671	rd:i:0	40671
S	ptg001584l	*	LN:i:27858	rd:i:0	27858
S	ptg001585l	*	LN:i:34217	rd:i:0	34217
S	ptg001586l	*	LN:i:45394	rd:i:0	45394
S	ptg001587l	*	LN:i:40516	rd:i:0	40516
S	ptg001588l	*	LN:i:48749	rd:i:0	48749
S	ptg001589l	*	LN:i:27293	rd:i:1	27293
S	ptg001590l	*	LN:i:40379	rd:i:0	40379
S	ptg001591l	*	LN:i:40803	rd:i:5	40803
S	ptg001592l	*	LN:i:55144	rd:i:0	55144
S	ptg001593l	*	LN:i:36684	rd:i:2	36684
S	ptg001594l	*	LN:i:33309	rd:i:0	33309
S	ptg001595l	*	LN:i:46788	rd:i:0	46788
S	ptg001596l	*	LN:i:64138	rd:i:1	64138
S	ptg001597l	*	LN:i:42630	rd:i:1	42630
S	ptg001598l	*	LN:i:76279	rd:i:0	76279
S	ptg001599l	*	LN:i:27053	rd:i:0	27053
S	ptg001600l	*	LN:i:103897	rd:i:1	103897
S	ptg001601l	*	LN:i:65075	rd:i:1	65075
S	ptg001602l	*	LN:i:38726	rd:i:0	38726
S	ptg001603l	*	LN:i:51256	rd:i:2	51256
S	ptg001604l	*	LN:i:60947	rd:i:0	60947
S	ptg001605l	*	LN:i:23243	rd:i:1	23243
S	ptg001606l	*	LN:i:39906	rd:i:0	39906
S	ptg001607l	*	LN:i:51805	rd:i:0	51805
S	ptg001608l	*	LN:i:28471	rd:i:0	28471
S	ptg001609l	*	LN:i:278178	rd:i:2	278178
S	ptg001610l	*	LN:i:46756	rd:i:3	46756
S	ptg001611l	*	LN:i:37964	rd:i:0	37964
S	ptg001612l	*	LN:i:51425	rd:i:1	51425
S	ptg001613l	*	LN:i:62022	rd:i:0	62022
S	ptg001614l	*	LN:i:34398	rd:i:0	34398
S	ptg001615l	*	LN:i:32902	rd:i:3	32902
S	ptg001616l	*	LN:i:65661	rd:i:2	65661
S	ptg001617l	*	LN:i:59333	rd:i:1	59333
S	ptg001618l	*	LN:i:43595	rd:i:0	43595
S	ptg001619l	*	LN:i:28388	rd:i:0	28388
S	ptg001620l	*	LN:i:50845	rd:i:0	50845
S	ptg001621l	*	LN:i:60085	rd:i:4	60085
S	ptg001622l	*	LN:i:37735	rd:i:0	37735
S	ptg001623l	*	LN:i:32438	rd:i:0	32438
S	ptg001624l	*	LN:i:68300	rd:i:0	68300
S	ptg001625l	*	LN:i:34524	rd:i:0	34524
S	ptg001626l	*	LN:i:46060	rd:i:0	46060
S	ptg001627l	*	LN:i:58342	rd:i:0	58342
S	ptg001628l	*	LN:i:34902	rd:i:0	34902
S	ptg001629l	*	LN:i:23795	rd:i:68	23795
S	ptg001630l	*	LN:i:35182	rd:i:0	35182
S	ptg001631l	*	LN:i:37835	rd:i:0	37835
S	ptg001632l	*	LN:i:71864	rd:i:1	71864
S	ptg001633l	*	LN:i:57322	rd:i:0	57322
S	ptg001634l	*	LN:i:35546	rd:i:0	35546
S	ptg001635l	*	LN:i:86768	rd:i:1	86768
S	ptg001636l	*	LN:i:62694	rd:i:0	62694
S	ptg001637l	*	LN:i:38524	rd:i:4	38524
S	ptg001638l	*	LN:i:8738	rd:i:21	8738
S	ptg001639l	*	LN:i:35238	rd:i:1	35238
S	ptg001640l	*	LN:i:26970	rd:i:0	26970
S	ptg001641l	*	LN:i:24733	rd:i:0	24733
S	ptg001642l	*	LN:i:17200	rd:i:76	17200
S	ptg001643l	*	LN:i:41796	rd:i:0	41796
S	ptg001644l	*	LN:i:32257	rd:i:0	32257
S	ptg001645l	*	LN:i:98058	rd:i:0	98058
S	ptg001646l	*	LN:i:61400	rd:i:1	61400
S	ptg001647l	*	LN:i:31444	rd:i:0	31444
S	ptg001648l	*	LN:i:50136	rd:i:0	50136
S	ptg001649l	*	LN:i:26459	rd:i:2	26459
S	ptg001650l	*	LN:i:44807	rd:i:1	44807
S	ptg001651l	*	LN:i:67998	rd:i:0	67998
S	ptg001652l	*	LN:i:30926	rd:i:1	30926
S	ptg001653l	*	LN:i:73475	rd:i:1	73475
S	ptg001654l	*	LN:i:49599	rd:i:0	49599
S	ptg001655l	*	LN:i:88711	rd:i:0	88711
S	ptg001656l	*	LN:i:29699	rd:i:0	29699
S	ptg001657l	*	LN:i:34021	rd:i:0	34021
S	ptg001658l	*	LN:i:37032	rd:i:0	37032
S	ptg001659l	*	LN:i:43114	rd:i:0	43114
S	ptg001660l	*	LN:i:28620	rd:i:27	28620
S	ptg001661l	*	LN:i:28763	rd:i:0	28763
S	ptg001662l	*	LN:i:53587	rd:i:0	53587
S	ptg001663l	*	LN:i:42739	rd:i:0	42739
S	ptg001664l	*	LN:i:21547	rd:i:0	21547
S	ptg001665l	*	LN:i:26757	rd:i:94	26757
S	ptg001666l	*	LN:i:38005	rd:i:0	38005
S	ptg001667l	*	LN:i:41223	rd:i:0	41223
S	ptg001668l	*	LN:i:67274	rd:i:1	67274
S	ptg001669l	*	LN:i:86327	rd:i:0	86327
S	ptg001670l	*	LN:i:80899	rd:i:2	80899
S	ptg001671l	*	LN:i:78817	rd:i:0	78817
S	ptg001672l	*	LN:i:36333	rd:i:75	36333
S	ptg001673l	*	LN:i:69639	rd:i:0	69639
S	ptg001674l	*	LN:i:47104	rd:i:0	47104
S	ptg001675l	*	LN:i:61994	rd:i:1	61994
S	ptg001676l	*	LN:i:78569	rd:i:0	78569
S	ptg001677l	*	LN:i:44244	rd:i:0	44244
S	ptg001678l	*	LN:i:62136	rd:i:0	62136
S	ptg001679l	*	LN:i:66091	rd:i:1	66091
S	ptg001680l	*	LN:i:48328	rd:i:1	48328
S	ptg001681l	*	LN:i:45706	rd:i:1	45706
S	ptg001682l	*	LN:i:83230	rd:i:0	83230
S	ptg001683l	*	LN:i:69362	rd:i:0	69362
S	ptg001684l	*	LN:i:25271	rd:i:36	25271
S	ptg001685l	*	LN:i:72883	rd:i:2	72883
S	ptg001686l	*	LN:i:33876	rd:i:48	33876
S	ptg001687l	*	LN:i:35888	rd:i:0	35888
S	ptg001688l	*	LN:i:56781	rd:i:0	56781
S	ptg001689l	*	LN:i:31165	rd:i:38	31165
S	ptg001690l	*	LN:i:64758	rd:i:0	64758
S	ptg001691l	*	LN:i:33099	rd:i:1	33099
S	ptg001692l	*	LN:i:34069	rd:i:5	34069
S	ptg001693l	*	LN:i:35073	rd:i:1	35073
S	ptg001694l	*	LN:i:40018	rd:i:1	40018
S	ptg001695l	*	LN:i:47094	rd:i:0	47094
S	ptg001696l	*	LN:i:27930	rd:i:1	27930
S	ptg001697l	*	LN:i:67470	rd:i:0	67470
S	ptg001698l	*	LN:i:68861	rd:i:1	68861
S	ptg001699l	*	LN:i:28683	rd:i:0	28683
S	ptg001700l	*	LN:i:61549	rd:i:0	61549
S	ptg001701l	*	LN:i:38197	rd:i:0	38197
S	ptg001702l	*	LN:i:26237	rd:i:7	26237
S	ptg001703l	*	LN:i:32406	rd:i:2	32406
S	ptg001704l	*	LN:i:74113	rd:i:1	74113
S	ptg001705l	*	LN:i:27868	rd:i:110	27868
S	ptg001706l	*	LN:i:42360	rd:i:1	42360
S	ptg001707l	*	LN:i:45078	rd:i:0	45078
S	ptg001708l	*	LN:i:46128	rd:i:0	46128
S	ptg001709l	*	LN:i:21665	rd:i:33	21665
S	ptg001710l	*	LN:i:26904	rd:i:0	26904
S	ptg001711l	*	LN:i:33385	rd:i:0	33385
S	ptg001712l	*	LN:i:62943	rd:i:1	62943
S	ptg001713l	*	LN:i:33907	rd:i:0	33907
S	ptg001714l	*	LN:i:23985	rd:i:1	23985
S	ptg001715l	*	LN:i:33934	rd:i:1	33934
S	ptg001716l	*	LN:i:36741	rd:i:1	36741
S	ptg001717l	*	LN:i:36505	rd:i:0	36505
S	ptg001718l	*	LN:i:47442	rd:i:0	47442
S	ptg001719l	*	LN:i:25955	rd:i:0	25955
S	ptg001720l	*	LN:i:144299	rd:i:0	144299
S	ptg001721l	*	LN:i:32730	rd:i:6	32730
S	ptg001722l	*	LN:i:34482	rd:i:0	34482
S	ptg001723l	*	LN:i:37333	rd:i:0	37333
S	ptg001724l	*	LN:i:58855	rd:i:1	58855
S	ptg001725l	*	LN:i:30141	rd:i:0	30141
S	ptg001726l	*	LN:i:70183	rd:i:2	70183
S	ptg001727l	*	LN:i:36925	rd:i:5	36925
S	ptg001728l	*	LN:i:44154	rd:i:0	44154
S	ptg001729l	*	LN:i:69154	rd:i:1	69154
S	ptg001730l	*	LN:i:49868	rd:i:4	49868
S	ptg001731l	*	LN:i:39772	rd:i:0	39772
S	ptg001732l	*	LN:i:30264	rd:i:1	30264
S	ptg001733l	*	LN:i:28512	rd:i:65	28512
S	ptg001734l	*	LN:i:13060	rd:i:8	13060
S	ptg001735l	*	LN:i:31614	rd:i:0	31614
S	ptg001736l	*	LN:i:50247	rd:i:3	50247
S	ptg001737l	*	LN:i:27641	rd:i:70	27641
S	ptg001738l	*	LN:i:51069	rd:i:0	51069
S	ptg001739l	*	LN:i:60056	rd:i:0	60056
S	ptg001740l	*	LN:i:25252	rd:i:42	25252
S	ptg001741l	*	LN:i:32044	rd:i:0	32044
S	ptg001742l	*	LN:i:35075	rd:i:0	35075
S	ptg001743l	*	LN:i:63308	rd:i:1	63308
S	ptg001744l	*	LN:i:23207	rd:i:0	23207
S	ptg001745l	*	LN:i:33592	rd:i:8	33592
S	ptg001746l	*	LN:i:29637	rd:i:0	29637
S	ptg001747l	*	LN:i:25485	rd:i:56	25485
S	ptg001748l	*	LN:i:30291	rd:i:0	30291
S	ptg001749l	*	LN:i:49349	rd:i:2	49349
S	ptg001750l	*	LN:i:26422	rd:i:61	26422
S	ptg001751l	*	LN:i:39168	rd:i:0	39168
S	ptg001752l	*	LN:i:36423	rd:i:2	36423
S	ptg001753l	*	LN:i:33089	rd:i:0	33089
S	ptg001754l	*	LN:i:45724	rd:i:1	45724
S	ptg001755l	*	LN:i:16632	rd:i:8	16632
S	ptg001756l	*	LN:i:24796	rd:i:107	24796
S	ptg001757l	*	LN:i:37533	rd:i:0	37533
S	ptg001758l	*	LN:i:44405	rd:i:0	44405
S	ptg001759l	*	LN:i:46627	rd:i:0	46627
S	ptg001760l	*	LN:i:101357	rd:i:1	101357
S	ptg001761l	*	LN:i:41544	rd:i:0	41544
S	ptg001762l	*	LN:i:25111	rd:i:2	25111
S	ptg001763l	*	LN:i:39292	rd:i:1	39292
S	ptg001764l	*	LN:i:44245	rd:i:0	44245
S	ptg001765l	*	LN:i:43727	rd:i:0	43727
S	ptg001766l	*	LN:i:49758	rd:i:0	49758
S	ptg001767l	*	LN:i:16418	rd:i:1	16418
S	ptg001768l	*	LN:i:56766	rd:i:0	56766
S	ptg001769l	*	LN:i:32967	rd:i:0	32967
S	ptg001770l	*	LN:i:31493	rd:i:0	31493
S	ptg001771l	*	LN:i:26974	rd:i:0	26974
S	ptg001772l	*	LN:i:30087	rd:i:66	30087
S	ptg001773l	*	LN:i:51170	rd:i:0	51170
S	ptg001774l	*	LN:i:77520	rd:i:1	77520
S	ptg001775l	*	LN:i:26138	rd:i:0	26138
S	ptg001776l	*	LN:i:33008	rd:i:0	33008
S	ptg001777l	*	LN:i:42118	rd:i:0	42118
S	ptg001778l	*	LN:i:37953	rd:i:0	37953
S	ptg001779l	*	LN:i:39032	rd:i:1	39032
S	ptg001780l	*	LN:i:41973	rd:i:0	41973
S	ptg001781l	*	LN:i:52682	rd:i:2	52682
S	ptg001782l	*	LN:i:26758	rd:i:0	26758
S	ptg001783l	*	LN:i:26685	rd:i:0	26685
S	ptg001784l	*	LN:i:55822	rd:i:1	55822
S	ptg001785l	*	LN:i:59113	rd:i:1	59113
S	ptg001786l	*	LN:i:25137	rd:i:6	25137
S	ptg001787l	*	LN:i:51183	rd:i:1	51183
S	ptg001788l	*	LN:i:48225	rd:i:0	48225
S	ptg001789l	*	LN:i:32352	rd:i:1	32352
S	ptg001790l	*	LN:i:64661	rd:i:1	64661
S	ptg001791l	*	LN:i:52918	rd:i:2	52918
S	ptg001792l	*	LN:i:25440	rd:i:0	25440
S	ptg001793l	*	LN:i:27077	rd:i:10	27077
S	ptg001794l	*	LN:i:24303	rd:i:8	24303
S	ptg001795l	*	LN:i:31889	rd:i:0	31889
S	ptg001796l	*	LN:i:27252	rd:i:0	27252
S	ptg001797l	*	LN:i:36186	rd:i:0	36186
S	ptg001798l	*	LN:i:42228	rd:i:0	42228
S	ptg001799l	*	LN:i:23873	rd:i:1	23873
S	ptg001800l	*	LN:i:21491	rd:i:2	21491
S	ptg001801l	*	LN:i:23175	rd:i:4	23175
S	ptg001802l	*	LN:i:26756	rd:i:0	26756
S	ptg001803l	*	LN:i:24331	rd:i:0	24331
S	ptg001804l	*	LN:i:15902	rd:i:2	15902
S	ptg001805l	*	LN:i:35891	rd:i:13	35891
S	ptg001806l	*	LN:i:26437	rd:i:8	26437
S	ptg001807l	*	LN:i:30468	rd:i:0	30468
S	ptg001808l	*	LN:i:18986	rd:i:0	18986
S	ptg001809l	*	LN:i:23092	rd:i:0	23092
S	ptg001810l	*	LN:i:24599	rd:i:0	24599
S	ptg001811l	*	LN:i:18424	rd:i:0	18424
S	ptg001812l	*	LN:i:25549	rd:i:6	25549
S	ptg001813l	*	LN:i:21073	rd:i:0	21073
S	ptg001814l	*	LN:i:24094	rd:i:0	24094
S	ptg001815l	*	LN:i:18830	rd:i:0	18830
S	ptg001816l	*	LN:i:24215	rd:i:0	24215
S	ptg001817l	*	LN:i:36622	rd:i:0	36622
S	ptg001818l	*	LN:i:18159	rd:i:0	18159